product,deployed_asset,local_filename,manufacturer_product_page,source_type,reuse_basis,permission_status,verification_date,width,height,file_size_bytes,alt_text,notes
Ninja Double Stack XL SL400UK,https://assets.sharkninja.com/image/upload/dpr_1.0%2Cf_auto%2Cq_60/v1/EMEA/PDP%20Imagery/SL400EU/Ninja-SL400UK-InUse-Kitchen-Comp-1632159133?_i=AH,,https://www.sharkninja.co.uk/ninja-double-stack-xl-9-5l-air-fryer-sl400uk/SL400UK.html,Official manufacturer-hosted product image,Official manufacturer CDN image used at site owner direction; local materialisation blocked by source AVIF/CDN response in this environment.,Separate republication licence not independently confirmed,2026-08-18,,,,Ninja Double Stack XL SL400UK product image,Remote manufacturer-hosted fallback. Download and self-host before production if strict local-only assets are required.
Russell Hobbs Satisfry Large Air Fryer,/images/products/russell-hobbs-satisfry-large-air-fryer.webp,russell-hobbs-satisfry-large-air-fryer.webp,https://uk.russellhobbs.com/satisfry-airfryer-large-26510,Manufacturer/brand product image or exact-model retained asset,Official current manufacturer page used to verify the product; image stored locally for the comparison page.,Separate republication licence not independently confirmed,2026-08-18,700,700,24332,Russell Hobbs Satisfry Large Air Fryer product image,Local optimised WebP; exact/current product match checked against the source register.
Ninja CRISPi PRO 5-in-1 Glass Air Fryer Family Set AS090UKGN38,https://assets.sharkninja.com/image/list/fn_select%3Ajq%3Afirst%28.%5B%5D%7Cif%20has%28%22metadata%22%29%20then%20select%28any%28.metadata%5B%5D%3B%20.external_id%20%3D%3D%20%22sfcc-is-main%22%20and%20.value.value%20%3D%3D%20%22True%22%29%29%20else%20empty%20end%29/f_auto%2Cq_auto%2Cdpr_auto/w_200%2Ch_200%2Ce_background_removal/b_rgb%3Ae7e7e7/AS090UK-MASTER-646d6a.json?_i=AG,,https://www.sharkninja.co.uk/ninja-crispi-pro-5-in-1-glass-air-fryer---green-family-set/AS090UKGN38.html,Official manufacturer-hosted product image,Official manufacturer CDN image used at site owner direction; local materialisation blocked by source AVIF/CDN response in this environment.,Separate republication licence not independently confirmed,2026-08-18,,,,Ninja CRISPi PRO 5-in-1 Glass Air Fryer Family Set AS090UKGN38 product image,Remote manufacturer-hosted fallback. Download and self-host before production if strict local-only assets are required.
Withings Body Smart,/images/products/withings-body-smart.webp,withings-body-smart.webp,https://www.withings.com/en-uk/products/body-smart-black,Manufacturer/brand product image or exact-model retained asset,Official current manufacturer page used to verify the product; image stored locally for the comparison page.,Separate republication licence not independently confirmed,2026-08-18,1043,1043,14012,Withings Body Smart product image,Local optimised WebP; exact/current product match checked against the source register.
Eufy Smart Scale P3,/images/products/eufy-smart-scale-p3.webp,eufy-smart-scale-p3.webp,https://www.eufy.com/uk/products/t9150111,Manufacturer/brand product image or exact-model retained asset,Official current manufacturer page used to verify the product; image stored locally for the comparison page.,Separate republication licence not independently confirmed,2026-08-18,1400,1400,42328,Eufy Smart Scale P3 product image,Local optimised WebP; exact/current product match checked against the source register.
Garmin Index S2 Smart Scale,/images/products/garmin-index-s2-smart-scale.webp,garmin-index-s2-smart-scale.webp,https://www.garmin.com/en-GB/p/679362/,Manufacturer/brand product image or exact-model retained asset,Official current manufacturer page used to verify the product; image stored locally for the comparison page.,Separate republication licence not independently confirmed,2026-08-18,1200,1200,28174,Garmin Index S2 Smart Scale product image,Local optimised WebP; exact/current product match checked against the source register.
Braun TriForce PowerBlend 9,https://dam.delonghi.com/1000x1000/assets/219593,,https://www.braunhousehold.com/en-gb/p/powerblend-9-jug-blender-powerblend-9-jug-blender-jb-9040-black/JB9040BK.html,Official manufacturer-hosted product image,Official manufacturer CDN image used at site owner direction; local materialisation blocked by source AVIF/CDN response in this environment.,Separate republication licence not independently confirmed,2026-08-18,,,,Braun TriForce PowerBlend 9 product image,Remote manufacturer-hosted fallback. Download and self-host before production if strict local-only assets are required.
Nutribullet 600 Series,/images/products/nutribullet-600-series.webp,nutribullet-600-series.webp,https://nutribullet.co.uk/collections/nutribullet-600,Manufacturer/brand product image or exact-model retained asset,Official current manufacturer page used to verify the product; image stored locally for the comparison page.,Separate republication licence not independently confirmed,2026-08-18,1200,1200,38872,Nutribullet 600 Series product image,Local optimised WebP; exact/current product match checked against the source register.
Vitamix A3500i,https://www.vitamix.com/us/en_us/products/media_b5919e14dd98c14fbebec6d55f8a15687566f7e4.png?format=png&optimize=medium&width=750,,https://www.vitamixuk.com/product/a3500i/,Official manufacturer-hosted product image,Official manufacturer CDN image used at site owner direction; local materialisation blocked by source AVIF/CDN response in this environment.,Separate republication licence not independently confirmed,2026-08-18,,,,Vitamix A3500i product image,Remote manufacturer-hosted fallback. Download and self-host before production if strict local-only assets are required.
Bose SoundLink Flex Portable Speaker (2nd Gen),https://assets.bosecreative.com/transform/f555c350-f979-4e8b-a161-009bb54bc1d8/FY27_SLFLXIILE27-DewdropMint_PDP_EcomGal1_Silo_1500x1120?format=avif&io=width%3A816%2Cheight%3A667%2Ctransform%3Afit&quality=95,,https://www.bose.co.uk/p/speakers/bose-soundlink-flex-portable-speaker-2nd-gen/SLFLXII-SPEAKERWIRELESS.html,Official manufacturer-hosted product image,Official manufacturer CDN image used at site owner direction; local materialisation blocked by source AVIF/CDN response in this environment.,Separate republication licence not independently confirmed,2026-08-18,,,,Bose SoundLink Flex Portable Speaker (2nd Gen) product image,Remote manufacturer-hosted fallback. Download and self-host before production if strict local-only assets are required.
Anker Soundcore 3,/images/products/anker-soundcore-3.webp,anker-soundcore-3.webp,https://www.soundcore.com/uk/products/a3117011,Manufacturer/brand product image or exact-model retained asset,Official current manufacturer page used to verify the product; image stored locally for the comparison page.,Separate republication licence not independently confirmed,2026-08-18,1400,1400,95802,Anker Soundcore 3 product image,Local optimised WebP; exact/current product match checked against the source register.
Sonos Move 2,/images/products/sonos-move-2.webp,sonos-move-2.webp,https://www.sonos.com/en-gb/shop/move-2,Manufacturer/brand product image or exact-model retained asset,Official current manufacturer page used to verify the product; image stored locally for the comparison page.,Separate republication licence not independently confirmed,2026-08-18,1280,1280,123366,Sonos Move 2 product image,Local optimised WebP; exact/current product match checked against the source register.
Sage Barista Touch Impress with Cold Extraction,https://assets.sageappliances.com/cdn-cgi/image/width%3D1300%2Cformat%3Dauto/BES882/SES882BSS4GUK1/pdp_1300px.png?pdp=,,https://www.sageappliances.com/en-gb/product/bes882,Official manufacturer-hosted product image,Official manufacturer CDN image used at site owner direction; local materialisation blocked by source AVIF/CDN response in this environment.,Separate republication licence not independently confirmed,2026-08-18,,,,Sage Barista Touch Impress with Cold Extraction product image,Remote manufacturer-hosted fallback. Download and self-host before production if strict local-only assets are required.
Philips Baristina,/images/products/philips-baristina.webp,philips-baristina.webp,https://www.home.id/en-GB/BAR300,Manufacturer/brand product image or exact-model retained asset,Official current manufacturer page used to verify the product; image stored locally for the comparison page.,Separate republication licence not independently confirmed,2026-08-18,240,240,3254,Philips Baristina product image,Local optimised WebP; exact/current product match checked against the source register.
Jura J10,/images/products/jura-j10.webp,jura-j10.webp,https://uk.jura.com/en/homeproducts/automatic-coffee-machines/j10-piano-black-inta-15664,Manufacturer/brand product image or exact-model retained asset,Official current manufacturer page used to verify the product; image stored locally for the comparison page.,Separate republication licence not independently confirmed,2026-08-18,900,990,36608,Jura J10 product image,Local optimised WebP; exact/current product match checked against the source register.
MeacoDry Arete Two 20L,/images/products/meacodry-arete-two-20l.webp,meacodry-arete-two-20l.webp,https://www.meaco.com/products/meacodry-arete-two-20l-dual-dehumidifier-hepa-air-purifier,Manufacturer/brand product image or exact-model retained asset,Official current manufacturer page used to verify the product; image stored locally for the comparison page.,Separate republication licence not independently confirmed,2026-08-18,1080,1080,58266,MeacoDry Arete Two 20L product image,Local optimised WebP; exact/current product match checked against the source register.
Pro Breeze 20L Dehumidifier,/images/products/pro-breeze-20l-dehumidifier.webp,pro-breeze-20l-dehumidifier.webp,https://probreeze.com/products/20l-dehumidifier-with-max-extraction-and-laundry-mode,Manufacturer/brand product image or exact-model retained asset,Official current manufacturer page used to verify the product; image stored locally for the comparison page.,Separate republication licence not independently confirmed,2026-08-18,1080,1080,12018,Pro Breeze 20L Dehumidifier product image,Local optimised WebP; exact/current product match checked against the source register.
De’Longhi Tasciugo AriaDry Multi DEX212SF,/images/products/delonghi-tasciugo-ariadry-multi-dex212sf.webp,delonghi-tasciugo-ariadry-multi-dex212sf.webp,https://www.delonghi.com/en-gb/p/tasciugo-ariadry-multi-tasciugo-ariadry-multi-dehumidifier-dex212sf/DEX212SF.html,Manufacturer/brand product image or exact-model retained asset,Official current manufacturer page used to verify the product; image stored locally for the comparison page.,Separate republication licence not independently confirmed,2026-08-18,902,902,9292,De’Longhi Tasciugo AriaDry Multi DEX212SF product image,Local optimised WebP; exact/current product match checked against the source register.
BenQ e-Reading Desk Lamp,https://image.benq.com/is/image/benqco/table-9?%24ResponsivePreset%24=,,https://www.benq.eu/en-uk/lighting/e-reading-desk-lamp/e-reading.html,Official manufacturer-hosted product image,Official manufacturer CDN image used at site owner direction; local materialisation blocked by source AVIF/CDN response in this environment.,Separate republication licence not independently confirmed,2026-08-18,,,,BenQ e-Reading Desk Lamp product image,Remote manufacturer-hosted fallback. Download and self-host before production if strict local-only assets are required.
IKEA Forså Work Lamp,/images/products/ikea-fors-work-lamp.webp,ikea-fors-work-lamp.webp,https://www.ikea.com/gb/en/p/forsa-work-lamp-black-80106012/,Manufacturer/brand product image or exact-model retained asset,Official current manufacturer page used to verify the product; image stored locally for the comparison page.,Separate republication licence not independently confirmed,2026-08-18,1400,1400,62882,IKEA Forså Work Lamp product image,Local optimised WebP; exact/current product match checked against the source register.
Dyson Solarcycle Morph,/images/products/dyson-solarcycle-morph.webp,dyson-solarcycle-morph.webp,https://www.dyson.co.uk/lighting/desk-lamps/solarcycle-morph/white-silver,Manufacturer/brand product image or exact-model retained asset,Official current manufacturer page used to verify the product; image stored locally for the comparison page.,Separate republication licence not independently confirmed,2026-08-18,800,1200,16334,Dyson Solarcycle Morph product image,Local optimised WebP; exact/current product match checked against the source register.
Philips Sonicare 7100,/images/products/philips-sonicare-7100.webp,philips-sonicare-7100.webp,https://www.philips.co.uk/c-p/HX7420_02/7100-rechargeable-sonic-electric-toothbrush,Manufacturer/brand product image or exact-model retained asset,Official current manufacturer page used to verify the product; image stored locally for the comparison page.,Separate republication licence not independently confirmed,2026-08-18,246,410,10034,Philips Sonicare 7100 product image,Local optimised WebP; exact/current product match checked against the source register.
Ordo Sonic Lite,/images/products/ordo-sonic-lite.webp,ordo-sonic-lite.webp,https://www.ordolife.com/products/ordo-sonic-lite-electric-toothbrush-stone,Manufacturer/brand product image or exact-model retained asset,Official current manufacturer page used to verify the product; image stored locally for the comparison page.,Separate republication licence not independently confirmed,2026-08-18,480,480,9048,Ordo Sonic Lite product image,Local optimised WebP; exact/current product match checked against the source register.
Oral-B iO Series 10,/images/products/oral-b-io-series-10.webp,oral-b-io-series-10.webp,https://www.oralb.co.uk/en-gb/products/electric-toothbrushes/oral-b-io10-lunar-gold-special-edition-electric-toothbrush,Official manufacturer-hosted iO10 product/lifestyle image,Official Oral-B iO10 guide asset used at site owner direction and stored locally for the comparison page.,Separate republication licence not independently confirmed,2026-08-18,780,1161,20278,Oral-B iO Series 10 product image,Local optimised WebP downloaded from Oral-B official Contentful asset; shows iO10 brush with iO Sense charger.
Shark FlexBreeze Portable Fan FA220UK,https://assets.sharkninja.com/image/upload/dpr_1.0%2Cf_auto%2Cq_60/v1/EMEA/PDP%20Imagery/FA220UK/Shark-FA220UK-InUse-Field-Picnic-Couple1?_i=AH,,https://www.sharkninja.co.uk/shark-flexbreeze-portable-fan-fa220uk/FA220UK.html,Official manufacturer-hosted product image,Official manufacturer CDN image used at site owner direction; local materialisation blocked by source AVIF/CDN response in this environment.,Separate republication licence not independently confirmed,2026-08-18,,,,Shark FlexBreeze Portable Fan FA220UK product image,Remote manufacturer-hosted fallback. Download and self-host before production if strict local-only assets are required.
MeacoFan 1056 Air Circulator,/images/products/meacofan-1056-air-circulator.webp,meacofan-1056-air-circulator.webp,https://www.meaco.com/products/meacofan-1056-air-circulator-with-storage-bag,Manufacturer/brand product image or exact-model retained asset,Official current manufacturer page used to verify the product; image stored locally for the comparison page.,Separate republication licence not independently confirmed,2026-08-18,659,614,31674,MeacoFan 1056 Air Circulator product image,Local optimised WebP; exact/current product match checked against the source register.
Duux Whisper Flex 2,/images/products/duux-whisper-flex-2.webp,duux-whisper-flex-2.webp,https://duux.co.uk/product/whisper-flex-2-fan-black/,Manufacturer/brand product image or exact-model retained asset,Official current manufacturer page used to verify the product; image stored locally for the comparison page.,Separate republication licence not independently confirmed,2026-08-18,1400,1400,89580,Duux Whisper Flex 2 product image,Local optimised WebP; exact/current product match checked against the source register.
Wolf-Garten Multi-Change System,/images/products/wolf-garten-multi-change-system.webp,wolf-garten-multi-change-system.webp,https://www.wolfgarten-tools.co.uk/collections/multi-change-system,Manufacturer/brand product image or exact-model retained asset,Official current manufacturer page used to verify the product; image stored locally for the comparison page.,Separate republication licence not independently confirmed,2026-08-18,1194,1194,478826,Wolf-Garten Multi-Change System product image,Local optimised WebP; exact/current product match checked against the source register.
Fiskars X-series PowerGear P961 Bypass Pruner,/images/product-illustrations/garden-tools-2.svg,garden-tools-2.svg,https://cuix-prod.fiskars.com/en-gb/gardening/products/pruners/x-series-bypass-pruner-l-p961-1057175,Existing neutral category illustration — temporary,No unrelated product photograph substituted where an exact manufacturer asset could not be safely materialised.,Site-owned existing asset,2026-08-18,,,,Fiskars X-series PowerGear P961 Bypass Pruner product image,Replace with exact manufacturer product photography. This is deliberately labelled on-page.
STIHL FSA 50 Cordless Grass Trimmer,/images/products/stihl-fsa-50-cordless-grass-trimmer.webp,stihl-fsa-50-cordless-grass-trimmer.webp,https://www.stihl.co.uk/en/p/brushcutters-grass-trimmers-clearing-saws-fsa-50-cordless-grass-trimmer-ak-system-215226,Manufacturer/brand product image or exact-model retained asset,Official current manufacturer page used to verify the product; image stored locally for the comparison page.,Separate republication licence not independently confirmed,2026-08-18,933,1400,19492,STIHL FSA 50 Cordless Grass Trimmer product image,Local optimised WebP; exact/current product match checked against the source register.
Dimplex EvoRad 2kW Oil Free Radiator,/images/products/dimplex-evorad-2kw-oil-free-radiator.webp,dimplex-evorad-2kw-oil-free-radiator.webp,https://www.dimplex.co.uk/evo2bta-evorad-oil-free-radiator,Manufacturer/brand product image or exact-model retained asset,Official current manufacturer page used to verify the product; image stored locally for the comparison page.,Separate republication licence not independently confirmed,2026-08-18,504,831,12108,Dimplex EvoRad 2kW Oil Free Radiator product image,Local optimised WebP; exact/current product match checked against the source register.
Dreo Heater 316,/images/products/dreo-heater-316.webp,dreo-heater-316.webp,https://uk.dreo.com/products/heater-316,Manufacturer/brand product image or exact-model retained asset,Official current manufacturer page used to verify the product; image stored locally for the comparison page.,Separate republication licence not independently confirmed,2026-08-18,1080,1080,86864,Dreo Heater 316 product image,Local optimised WebP; exact/current product match checked against the source register.
Dyson Hot+Cool Jet Focus AM09,"https://dyson-h.assetsadobe2.com/is/image//content/dam/dyson/products/fans-and-heaters/hot-and-cool/variant/am09-whitenickel/fans-heaters-dyson-hot-and-cool-panel1.jpg?$responsive$&cropPathE=mobile&fit=stretch,1&wid=640",,https://www.dyson.co.uk/fans-and-heaters/hot-cool/white-nickel,Official manufacturer-hosted product image,Official manufacturer CDN image used at site owner direction; local materialisation blocked by source AVIF/CDN response in this environment.,Separate republication licence not independently confirmed,2026-08-18,,,,Dyson Hot+Cool Jet Focus AM09 product image,Remote manufacturer-hosted fallback. Download and self-host before production if strict local-only assets are required.
Yogamatters Organic Cotton Yoga Blanket,/images/products/yogamatters-organic-cotton-yoga-blanket.webp,yogamatters-organic-cotton-yoga-blanket.webp,https://www.yogamatters.com/products/yogamatters-organic-cotton-blanket,Manufacturer/brand product image or exact-model retained asset,Official current manufacturer page used to verify the product; image stored locally for the comparison page.,Separate republication licence not independently confirmed,2026-08-18,1050,1400,117344,Yogamatters Organic Cotton Yoga Blanket product image,Local optimised WebP; exact/current product match checked against the source register.
Silentnight Wellbeing Weighted Blanket,/images/products/silentnight-wellbeing-weighted-blanket.webp,silentnight-wellbeing-weighted-blanket.webp,https://www.silentnight.co.uk/silentnight-wellbeing-weighted-blanket-7kg.html,Manufacturer/brand product image or exact-model retained asset,Official current manufacturer page used to verify the product; image stored locally for the comparison page.,Separate republication licence not independently confirmed,2026-08-18,700,700,68708,Silentnight Wellbeing Weighted Blanket product image,Local optimised WebP; exact/current product match checked against the source register.
Simba Orbit Weighted Blanket,/images/products/simba-orbit-weighted-blanket.webp,simba-orbit-weighted-blanket.webp,https://simbasleep.com/products/weighted-blanket,Manufacturer/brand product image or exact-model retained asset,Official current manufacturer page used to verify the product; image stored locally for the comparison page.,Separate republication licence not independently confirmed,2026-08-18,1400,1003,45846,Simba Orbit Weighted Blanket product image,Local optimised WebP; exact/current product match checked against the source register.
Yogamatters Hemp Buckwheat Zafu Meditation Cushion,/images/products/yogamatters-hemp-buckwheat-zafu-meditation-cushion.webp,yogamatters-hemp-buckwheat-zafu-meditation-cushion.webp,https://www.yogamatters.com/products/yogamatters-hemp-buckwheat-zafu-meditation-cushion,Manufacturer/brand product image or exact-model retained asset,Official current manufacturer page used to verify the product; image stored locally for the comparison page.,Separate republication licence not independently confirmed,2026-08-18,699,932,55478,Yogamatters Hemp Buckwheat Zafu Meditation Cushion product image,Local optimised WebP; exact/current product match checked against the source register.
Yogamatters Organic Cotton Chambray Meditation Cushion,/images/products/yogamatters-organic-cotton-chambray-meditation-cushion.webp,yogamatters-organic-cotton-chambray-meditation-cushion.webp,https://www.yogamatters.com/collections/meditation-cushions/productsubcategory-meditation-cushion,Manufacturer/brand product image or exact-model retained asset,Official current manufacturer page used to verify the product; image stored locally for the comparison page.,Separate republication licence not independently confirmed,2026-08-18,1050,1400,63694,Yogamatters Organic Cotton Chambray Meditation Cushion product image,Local optimised WebP; exact/current product match checked against the source register.
Leewadee Kapok Zafu Cushion,/images/products/leewadee-kapok-zafu-cushion.webp,leewadee-kapok-zafu-cushion.webp,https://www.leewadee.com/uk/product/meditation-cushion-set.html,Manufacturer/brand product image or exact-model retained asset,Official current manufacturer page used to verify the product; image stored locally for the comparison page.,Separate republication licence not independently confirmed,2026-08-18,1400,1400,94112,Leewadee Kapok Zafu Cushion product image,Local optimised WebP; exact/current product match checked against the source register.
Philips Hue Appear Outdoor Wall Light,/images/products/philips-hue-appear-outdoor-wall-light.webp,philips-hue-appear-outdoor-wall-light.webp,https://www.philips-hue.com/en-gb/p/hue-white-and-colour-ambiance-appear-outdoor-wall-light/1746330P7,Manufacturer/brand product image or exact-model retained asset,Official current manufacturer page used to verify the product; image stored locally for the comparison page.,Separate republication licence not independently confirmed,2026-08-18,1400,1400,9500,Philips Hue Appear Outdoor Wall Light product image,Local optimised WebP; exact/current product match checked against the source register.
Govee Outdoor UpDown Wall Light,/images/products/govee-outdoor-updown-wall-light.webp,govee-outdoor-updown-wall-light.webp,https://uk.govee.com/collections/outdoor-lights,Manufacturer/brand product image or exact-model retained asset,Official current manufacturer page used to verify the product; image stored locally for the comparison page.,Separate republication licence not independently confirmed,2026-08-18,100,100,3112,Govee Outdoor UpDown Wall Light product image,Local optimised WebP; exact/current product match checked against the source register.
Philips Hue Lily Outdoor Spotlight,https://www.assets.signify.com/is/image/Signify/8718696167977-915005629801-PIM-TRN,,https://www.philips-hue.com/en-gb/p/hue-white-and-colour-ambiance-lily-outdoor-spot-light/1741530P7,Official manufacturer-hosted product image,Official manufacturer CDN image used at site owner direction; local materialisation blocked by source AVIF/CDN response in this environment.,Separate republication licence not independently confirmed,2026-08-18,,,,Philips Hue Lily Outdoor Spotlight product image,Remote manufacturer-hosted fallback. Download and self-host before production if strict local-only assets are required.
Veito Blade S2500 Black Indoor & Outdoor Heater,/images/products/veito-blade-s2500-black-indoor-and-outdoor-heater.webp,veito-blade-s2500-black-indoor-and-outdoor-heater.webp,https://veito.co.uk/product/veito-blade-s2500-black/,Manufacturer/brand product image or exact-model retained asset,Official current manufacturer page used to verify the product; image stored locally for the comparison page.,Separate republication licence not independently confirmed,2026-08-18,465,465,20816,Veito Blade S2500 Black Indoor & Outdoor Heater product image,Local optimised WebP; exact/current product match checked against the source register.
Outsunny 2kW Wall Mounted Infrared Patio Heater,/images/products/outsunny-2kw-wall-mounted-infrared-patio-heater.webp,outsunny-2kw-wall-mounted-infrared-patio-heater.webp,https://www.aosom.co.uk/item/outsunny-wall-mount-electric-infrared-patio-heater-2-kw-black~842-123V01.html,Manufacturer/brand product image or exact-model retained asset,Official current manufacturer page used to verify the product; image stored locally for the comparison page.,Separate republication licence not independently confirmed,2026-08-18,200,200,11032,Outsunny 2kW Wall Mounted Infrared Patio Heater product image,Local optimised WebP; exact/current product match checked against the source register.
Herschel Colorado 2500W Infrared Patio Heater with Remote and Stand,/images/products/herschel-colorado-2500w-infrared-patio-heater-with-remote-and-stand.webp,herschel-colorado-2500w-infrared-patio-heater-with-remote-and-stand.webp,https://www.herschel-infrared.co.uk/outdoors/colorado-freestanding-infrared-patio-heater/,Manufacturer/brand product image or exact-model retained asset,Official current manufacturer page used to verify the product; image stored locally for the comparison page.,Separate republication licence not independently confirmed,2026-08-18,1200,1200,16758,Herschel Colorado 2500W Infrared Patio Heater with Remote and Stand product image,Local optimised WebP; exact/current product match checked against the source register.
CUKTECH 20 Power Bank 25000mAh 210W,/images/products/cuktech-20-power-bank-25000mah-210w.webp,cuktech-20-power-bank-25000mah-210w.webp,https://cuktech.com/products/p23-cuktech-p-series-25000mah-210w-power-bank,Manufacturer/brand product image or exact-model retained asset,Official current manufacturer page used to verify the product; image stored locally for the comparison page.,Separate republication licence not independently confirmed,2026-08-18,1400,1400,132154,CUKTECH 20 Power Bank 25000mAh 210W product image,Local optimised WebP; exact/current product match checked against the source register.
"Anker Nano Power Bank (5K, MagGo, Slim)",/images/products/anker-nano-power-bank-5k-maggo-slim.webp,anker-nano-power-bank-5k-maggo-slim.webp,https://www.anker.com/uk/products/a1665,Manufacturer/brand product image or exact-model retained asset,Official current manufacturer page used to verify the product; image stored locally for the comparison page.,Separate republication licence not independently confirmed,2026-08-18,1400,1400,53206,"Anker Nano Power Bank (5K, MagGo, Slim) product image",Local optimised WebP; exact/current product match checked against the source register.
Ugreen Nexode 200W Power Bank,/images/products/ugreen-nexode-200w-power-bank.webp,ugreen-nexode-200w-power-bank.webp,https://uk.ugreen.com/products/ugreen-nexode-power-bank-25000mah-200w,Manufacturer/brand product image or exact-model retained asset,Official current manufacturer page used to verify the product; image stored locally for the comparison page.,Separate republication licence not independently confirmed,2026-08-18,1080,1080,34158,Ugreen Nexode 200W Power Bank product image,Local optimised WebP; exact/current product match checked against the source register.
hansgrohe Pulsify Select S 105 3jet Hand Shower,/images/products/hansgrohe-pulsify-select-s-105-3jet-hand-shower.webp,hansgrohe-pulsify-select-s-105-3jet-hand-shower.webp,https://www.hansgrohe.co.uk/articledetail-pulsify-select-s-hand-shower-105-3jet-activation-ecosmart-24101000,Manufacturer/brand product image or exact-model retained asset,Official current manufacturer page used to verify the product; image stored locally for the comparison page.,Separate republication licence not independently confirmed,2026-08-18,599,680,31982,hansgrohe Pulsify Select S 105 3jet Hand Shower product image,Local optimised WebP; exact/current product match checked against the source register.
Mira Beat Single Spray Showerhead 90mm,/images/product-illustrations/shower-heads-2.svg,shower-heads-2.svg,https://www.mirashowers.co.uk/p/parts-and-accessories/shop-showerheads/mira-beat-single-spray-showerhead-21703009,Existing neutral category illustration — temporary,No unrelated product photograph substituted where an exact manufacturer asset could not be safely materialised.,Site-owned existing asset,2026-08-18,,,,Mira Beat Single Spray Showerhead 90mm product image,Replace with exact manufacturer product photography. This is deliberately labelled on-page.
Methven Aurajet Aio Handset,/images/products/methven-aurajet-aio-handset.webp,methven-aurajet-aio-handset.webp,https://uk.methven.com/aio-aurajet-shower-handset-chrome,Manufacturer/brand product image or exact-model retained asset,Official current manufacturer page used to verify the product; image stored locally for the comparison page.,Separate republication licence not independently confirmed,2026-08-18,120,120,1568,Methven Aurajet Aio Handset product image,Local optimised WebP; exact/current product match checked against the source register.
Himalayan Bazaar Hand Hammered Singing Bowl Set,/images/product-illustrations/singing-bowls-1.svg,singing-bowls-1.svg,https://www.himalayanbazaar.com/collections/singing-bowl,Existing neutral category illustration — temporary,No unrelated product photograph substituted where an exact manufacturer asset could not be safely materialised.,Site-owned existing asset,2026-08-18,,,,Himalayan Bazaar Hand Hammered Singing Bowl Set product image,Replace with exact manufacturer product photography. This is deliberately labelled on-page.
Ohm Store Tibetan Singing Bowl Set,/images/products/ohm-store-tibetan-singing-bowl-set.webp,ohm-store-tibetan-singing-bowl-set.webp,https://www.theohmstore.co/collections/singing-bowls,Manufacturer/brand product image or exact-model retained asset,Official current manufacturer page used to verify the product; image stored locally for the comparison page.,Separate republication licence not independently confirmed,2026-08-18,1400,1400,97814,Ohm Store Tibetan Singing Bowl Set product image,Local optimised WebP; exact/current product match checked against the source register.
Peter Hess Therapy Singing Bowl,/images/products/peter-hess-therapy-singing-bowl.webp,peter-hess-therapy-singing-bowl.webp,https://www.hess-sound.de/en/collections/therapy-singing-bowls,Manufacturer/brand product image or exact-model retained asset,Official current manufacturer page used to verify the product; image stored locally for the comparison page.,Separate republication licence not independently confirmed,2026-08-18,533,352,6130,Peter Hess Therapy Singing Bowl product image,Local optimised WebP; exact/current product match checked against the source register.
Technics EAH-AZ100,/images/products/technics-eah-az100.webp,technics-eah-az100.webp,https://www.technics.com/uk/products/headphones/eah-az100.html,Manufacturer/brand product image or exact-model retained asset,Official current manufacturer page used to verify the product; image stored locally for the comparison page.,Separate republication licence not independently confirmed,2026-08-18,644,644,34922,Technics EAH-AZ100 product image,Local optimised WebP; exact/current product match checked against the source register.
Nothing Ear (3a),/images/products/nothing-ear-3a.webp,nothing-ear-3a.webp,https://support.nothing.tech/hc/en-us/categories/47340233372561-Nothing-Ear-3a,Manufacturer/brand product image or exact-model retained asset,Official current manufacturer page used to verify the product; image stored locally for the comparison page.,Separate republication licence not independently confirmed,2026-08-18,1080,1080,41818,Nothing Ear (3a) product image,Local optimised WebP; exact/current product match checked against the source register.
Bose QuietComfort Ultra Earbuds 2nd Gen,https://assets.bosecreative.com/transform/bb7b1552-1001-446f-bfd5-f7e2c4ee31ee/QCUEII_DeepPlum_Ecomm-Gallery-1-1634x1224?format=avif&io=width%3A816%2Cheight%3A667%2Ctransform%3Afit&quality=95,,https://www.bose.co.uk/p/earbuds/bose-quietcomfort-ultra-earbuds-2nd-gen/QCUE2-HEADPHONEIN.html,Official manufacturer-hosted product image,Official manufacturer CDN image used at site owner direction; local materialisation blocked by source AVIF/CDN response in this environment.,Separate republication licence not independently confirmed,2026-08-18,,,,Bose QuietComfort Ultra Earbuds 2nd Gen product image,Remote manufacturer-hosted fallback. Download and self-host before production if strict local-only assets are required.
lululemon The Mat 5mm Made With FSC™ Certified Rubber,/images/products/lululemon-the-mat-5mm-made-with-fsc-certified-rubber.webp,lululemon-the-mat-5mm-made-with-fsc-certified-rubber.webp,https://www.lululemon.co.uk/en-gb/p/the-mat-5mm-made-with-fsc%E2%84%A2-certified-rubber/prod10990033.html,Manufacturer/brand product image or exact-model retained asset,Official current manufacturer page used to verify the product; image stored locally for the comparison page.,Separate republication licence not independently confirmed,2026-08-18,667,800,11924,lululemon The Mat 5mm Made With FSC™ Certified Rubber product image,Local optimised WebP; exact/current product match checked against the source register.
Jade Level One Yoga Mat,/images/products/jade-level-one-yoga-mat.webp,jade-level-one-yoga-mat.webp,https://jadeyoga.co.uk/jade-yoga-mats/jade-level-one-4mm-beginner/,Manufacturer/brand product image or exact-model retained asset,Official current manufacturer page used to verify the product; image stored locally for the comparison page.,Separate republication licence not independently confirmed,2026-08-18,1200,1200,34552,Jade Level One Yoga Mat product image,Local optimised WebP; exact/current product match checked against the source register.
Manduka PROlite Yoga Mat 4.7mm,/images/products/manduka-prolite-yoga-mat-4-7mm.webp,manduka-prolite-yoga-mat-4-7mm.webp,https://mandukauk.co.uk/products/prolite-yoga-mat,Manufacturer/brand product image or exact-model retained asset,Official current manufacturer page used to verify the product; image stored locally for the comparison page.,Separate republication licence not independently confirmed,2026-08-18,1240,1034,375268,Manduka PROlite Yoga Mat 4.7mm product image,Local optimised WebP; exact/current product match checked against the source register.
Navigation/category visual: category bathroom,/images/navigation/category-bathroom.webp,category-bathroom.webp,,Restored/derived from image in user-supplied original website package,Reused at site owner direction from the supplied existing website; cropped and optimised locally for navigation presentation.,Historical third-party reuse rights not independently re-verified in this correction,2026-08-18,1400,900,73036,Decorative/category navigation photograph,Used for homepage/category navigation rather than as evidence of an exact recommended product.
Navigation/category visual: category home comfort,/images/navigation/category-home-comfort.webp,category-home-comfort.webp,,Restored/derived from image in user-supplied original website package,Reused at site owner direction from the supplied existing website; cropped and optimised locally for navigation presentation.,Historical third-party reuse rights not independently re-verified in this correction,2026-08-18,1400,900,114830,Decorative/category navigation photograph,Used for homepage/category navigation rather than as evidence of an exact recommended product.
Navigation/category visual: category kitchen,/images/navigation/category-kitchen.webp,category-kitchen.webp,,Restored/derived from image in user-supplied original website package,Reused at site owner direction from the supplied existing website; cropped and optimised locally for navigation presentation.,Historical third-party reuse rights not independently re-verified in this correction,2026-08-18,1400,900,95260,Decorative/category navigation photograph,Used for homepage/category navigation rather than as evidence of an exact recommended product.
Navigation/category visual: category outdoor living,/images/navigation/category-outdoor-living.webp,category-outdoor-living.webp,,Restored/derived from image in user-supplied original website package,Reused at site owner direction from the supplied existing website; cropped and optimised locally for navigation presentation.,Historical third-party reuse rights not independently re-verified in this correction,2026-08-18,1400,900,171496,Decorative/category navigation photograph,Used for homepage/category navigation rather than as evidence of an exact recommended product.
Navigation/category visual: category stillness and clarity,/images/navigation/category-stillness-and-clarity.webp,category-stillness-and-clarity.webp,,Restored/derived from image in user-supplied original website package,Reused at site owner direction from the supplied existing website; cropped and optimised locally for navigation presentation.,Historical third-party reuse rights not independently re-verified in this correction,2026-08-18,1400,900,130626,Decorative/category navigation photograph,Used for homepage/category navigation rather than as evidence of an exact recommended product.
Navigation/category visual: category technology,/images/navigation/category-technology.webp,category-technology.webp,,Restored/derived from image in user-supplied original website package,Reused at site owner direction from the supplied existing website; cropped and optimised locally for navigation presentation.,Historical third-party reuse rights not independently re-verified in this correction,2026-08-18,1400,900,90420,Decorative/category navigation photograph,Used for homepage/category navigation rather than as evidence of an exact recommended product.
Navigation/category visual: chosen by real people,/images/navigation/chosen-by-real-people.webp,chosen-by-real-people.webp,,Restored/derived from image in user-supplied original website package,Reused at site owner direction from the supplied existing website; cropped and optimised locally for navigation presentation.,Historical third-party reuse rights not independently re-verified in this correction,2026-08-18,450,300,17452,Decorative/category navigation photograph,Used for homepage/category navigation rather than as evidence of an exact recommended product.
Navigation/category visual: guide air fryers,/images/navigation/guide-air-fryers.webp,guide-air-fryers.webp,,Restored/derived from image in user-supplied original website package,Reused at site owner direction from the supplied existing website; cropped and optimised locally for navigation presentation.,Historical third-party reuse rights not independently re-verified in this correction,2026-08-18,1200,720,64154,Decorative/category navigation photograph,Used for homepage/category navigation rather than as evidence of an exact recommended product.
Navigation/category visual: guide bathroom scales,/images/navigation/guide-bathroom-scales.webp,guide-bathroom-scales.webp,,Restored/derived from image in user-supplied original website package,Reused at site owner direction from the supplied existing website; cropped and optimised locally for navigation presentation.,Historical third-party reuse rights not independently re-verified in this correction,2026-08-18,1200,720,30068,Decorative/category navigation photograph,Used for homepage/category navigation rather than as evidence of an exact recommended product.
Navigation/category visual: guide blenders,/images/navigation/guide-blenders.webp,guide-blenders.webp,,Restored/derived from image in user-supplied original website package,Reused at site owner direction from the supplied existing website; cropped and optimised locally for navigation presentation.,Historical third-party reuse rights not independently re-verified in this correction,2026-08-18,1200,720,74044,Decorative/category navigation photograph,Used for homepage/category navigation rather than as evidence of an exact recommended product.
Navigation/category visual: guide bluetooth speakers,/images/navigation/guide-bluetooth-speakers.webp,guide-bluetooth-speakers.webp,,Restored/derived from image in user-supplied original website package,Reused at site owner direction from the supplied existing website; cropped and optimised locally for navigation presentation.,Historical third-party reuse rights not independently re-verified in this correction,2026-08-18,1200,720,98904,Decorative/category navigation photograph,Used for homepage/category navigation rather than as evidence of an exact recommended product.
Navigation/category visual: guide coffee machines,/images/navigation/guide-coffee-machines.webp,guide-coffee-machines.webp,,Restored/derived from image in user-supplied original website package,Reused at site owner direction from the supplied existing website; cropped and optimised locally for navigation presentation.,Historical third-party reuse rights not independently re-verified in this correction,2026-08-18,1200,720,70488,Decorative/category navigation photograph,Used for homepage/category navigation rather than as evidence of an exact recommended product.
Navigation/category visual: guide dehumidifiers,/images/navigation/guide-dehumidifiers.webp,guide-dehumidifiers.webp,,Restored/derived from image in user-supplied original website package,Reused at site owner direction from the supplied existing website; cropped and optimised locally for navigation presentation.,Historical third-party reuse rights not independently re-verified in this correction,2026-08-18,1200,720,33490,Decorative/category navigation photograph,Used for homepage/category navigation rather than as evidence of an exact recommended product.
Navigation/category visual: guide desk lamps,/images/navigation/guide-desk-lamps.webp,guide-desk-lamps.webp,,Restored/derived from image in user-supplied original website package,Reused at site owner direction from the supplied existing website; cropped and optimised locally for navigation presentation.,Historical third-party reuse rights not independently re-verified in this correction,2026-08-18,1200,720,48096,Decorative/category navigation photograph,Used for homepage/category navigation rather than as evidence of an exact recommended product.
Navigation/category visual: guide electric toothbrushes,/images/navigation/guide-electric-toothbrushes.webp,guide-electric-toothbrushes.webp,,Restored/derived from image in user-supplied original website package,Reused at site owner direction from the supplied existing website; cropped and optimised locally for navigation presentation.,Historical third-party reuse rights not independently re-verified in this correction,2026-08-18,1200,720,56078,Decorative/category navigation photograph,Used for homepage/category navigation rather than as evidence of an exact recommended product.
Navigation/category visual: guide fans,/images/navigation/guide-fans.webp,guide-fans.webp,,Restored/derived from image in user-supplied original website package,Reused at site owner direction from the supplied existing website; cropped and optimised locally for navigation presentation.,Historical third-party reuse rights not independently re-verified in this correction,2026-08-18,1200,720,76978,Decorative/category navigation photograph,Used for homepage/category navigation rather than as evidence of an exact recommended product.
Navigation/category visual: guide garden tools,/images/navigation/guide-garden-tools.webp,guide-garden-tools.webp,,Restored/derived from image in user-supplied original website package,Reused at site owner direction from the supplied existing website; cropped and optimised locally for navigation presentation.,Historical third-party reuse rights not independently re-verified in this correction,2026-08-18,1200,720,173524,Decorative/category navigation photograph,Used for homepage/category navigation rather than as evidence of an exact recommended product.
Navigation/category visual: guide heaters,/images/navigation/guide-heaters.webp,guide-heaters.webp,,Restored/derived from image in user-supplied original website package,Reused at site owner direction from the supplied existing website; cropped and optimised locally for navigation presentation.,Historical third-party reuse rights not independently re-verified in this correction,2026-08-18,1200,720,58106,Decorative/category navigation photograph,Used for homepage/category navigation rather than as evidence of an exact recommended product.
Navigation/category visual: guide meditation blankets,/images/navigation/guide-meditation-blankets.webp,guide-meditation-blankets.webp,,Restored/derived from image in user-supplied original website package,Reused at site owner direction from the supplied existing website; cropped and optimised locally for navigation presentation.,Historical third-party reuse rights not independently re-verified in this correction,2026-08-18,1200,720,104258,Decorative/category navigation photograph,Used for homepage/category navigation rather than as evidence of an exact recommended product.
Navigation/category visual: guide meditation cushions,/images/navigation/guide-meditation-cushions.webp,guide-meditation-cushions.webp,,Restored/derived from image in user-supplied original website package,Reused at site owner direction from the supplied existing website; cropped and optimised locally for navigation presentation.,Historical third-party reuse rights not independently re-verified in this correction,2026-08-18,1200,720,72998,Decorative/category navigation photograph,Used for homepage/category navigation rather than as evidence of an exact recommended product.
Navigation/category visual: guide outdoor lights,/images/navigation/guide-outdoor-lights.webp,guide-outdoor-lights.webp,,Restored/derived from image in user-supplied original website package,Reused at site owner direction from the supplied existing website; cropped and optimised locally for navigation presentation.,Historical third-party reuse rights not independently re-verified in this correction,2026-08-18,1200,720,115260,Decorative/category navigation photograph,Used for homepage/category navigation rather than as evidence of an exact recommended product.
Navigation/category visual: guide patio heaters,/images/navigation/guide-patio-heaters.webp,guide-patio-heaters.webp,,Restored/derived from image in user-supplied original website package,Reused at site owner direction from the supplied existing website; cropped and optimised locally for navigation presentation.,Historical third-party reuse rights not independently re-verified in this correction,2026-08-18,1200,720,118940,Decorative/category navigation photograph,Used for homepage/category navigation rather than as evidence of an exact recommended product.
Navigation/category visual: guide power banks,/images/navigation/guide-power-banks.webp,guide-power-banks.webp,,Restored/derived from image in user-supplied original website package,Reused at site owner direction from the supplied existing website; cropped and optimised locally for navigation presentation.,Historical third-party reuse rights not independently re-verified in this correction,2026-08-18,1200,720,63920,Decorative/category navigation photograph,Used for homepage/category navigation rather than as evidence of an exact recommended product.
Navigation/category visual: guide shower heads,/images/navigation/guide-shower-heads.webp,guide-shower-heads.webp,,Restored/derived from image in user-supplied original website package,Reused at site owner direction from the supplied existing website; cropped and optimised locally for navigation presentation.,Historical third-party reuse rights not independently re-verified in this correction,2026-08-18,1200,720,39048,Decorative/category navigation photograph,Used for homepage/category navigation rather than as evidence of an exact recommended product.
Navigation/category visual: guide singing bowls,/images/navigation/guide-singing-bowls.webp,guide-singing-bowls.webp,,Restored/derived from image in user-supplied original website package,Reused at site owner direction from the supplied existing website; cropped and optimised locally for navigation presentation.,Historical third-party reuse rights not independently re-verified in this correction,2026-08-18,1200,720,71832,Decorative/category navigation photograph,Used for homepage/category navigation rather than as evidence of an exact recommended product.
Navigation/category visual: guide wireless earbuds,/images/navigation/guide-wireless-earbuds.webp,guide-wireless-earbuds.webp,,Restored/derived from image in user-supplied original website package,Reused at site owner direction from the supplied existing website; cropped and optimised locally for navigation presentation.,Historical third-party reuse rights not independently re-verified in this correction,2026-08-18,1200,720,54812,Decorative/category navigation photograph,Used for homepage/category navigation rather than as evidence of an exact recommended product.
Navigation/category visual: guide yoga mats,/images/navigation/guide-yoga-mats.webp,guide-yoga-mats.webp,,Restored/derived from image in user-supplied original website package,Reused at site owner direction from the supplied existing website; cropped and optimised locally for navigation presentation.,Historical third-party reuse rights not independently re-verified in this correction,2026-08-18,1200,720,81330,Decorative/category navigation photograph,Used for homepage/category navigation rather than as evidence of an exact recommended product.
