asset,asset_type,active_in_refreshed_site,source,licence_or_permission_basis,required_attribution,action,verification_date
Product_picture/Bathroom/Bathroom_scales/Etekcity_digital_body_weight_scale.webp,legacy local image,No,Supplied project file,Not documented in supplied project,Unknown / not relied upon,Removed from active deployment; retained only in the user-supplied original ZIP,2026-08-18
Product_picture/Bathroom/Bathroom_scales/Smart-Scale-P2.webp,legacy local image,No,Supplied project file,Not documented in supplied project,Unknown / not relied upon,Removed from active deployment; retained only in the user-supplied original ZIP,2026-08-18
Product_picture/Bathroom/Bathroom_scales/Withings_body-smart-black-kg.webp,legacy local image,No,Supplied project file,Not documented in supplied project,Unknown / not relied upon,Removed from active deployment; retained only in the user-supplied original ZIP,2026-08-18
Product_picture/Bathroom/Shower_heads/Cobbe Hard Water Filter Shower Head and Hose.webp,legacy local image,No,Supplied project file,Not documented in supplied project,Unknown / not relied upon,Removed from active deployment; retained only in the user-supplied original ZIP,2026-08-18
Product_picture/Bathroom/Shower_heads/Methven Aurajet AIO Shower Handset.jpg,legacy local image,No,Supplied project file,Not documented in supplied project,Unknown / not relied upon,Removed from active deployment; retained only in the user-supplied original ZIP,2026-08-18
Product_picture/Bathroom/Shower_heads/Pulsify Select S Hand shower.png,legacy local image,No,Supplied project file,Not documented in supplied project,Unknown / not relied upon,Removed from active deployment; retained only in the user-supplied original ZIP,2026-08-18
Product_picture/Bathroom/Toothbrushes/Oral B Pro 1 Electric Toothbrush.png,legacy local image,No,Supplied project file,Not documented in supplied project,Unknown / not relied upon,Removed from active deployment; retained only in the user-supplied original ZIP,2026-08-18
Product_picture/Bathroom/Toothbrushes/Oral-B Vitality Pro Electric Toothbrush.webp,legacy local image,No,Supplied project file,Not documented in supplied project,Unknown / not relied upon,Removed from active deployment; retained only in the user-supplied original ZIP,2026-08-18
Product_picture/Bathroom/Toothbrushes/Oral-B iO 3 Black Electric Toothbrush.avif,legacy local image,No,Supplied project file,Not documented in supplied project,Unknown / not relied upon,Removed from active deployment; retained only in the user-supplied original ZIP,2026-08-18
Product_picture/Home Comforts/De-humidifiers/DeLonghi Tasciugo AriaDry Multi Dehumidifier.avif,legacy local image,No,Supplied project file,Not documented in supplied project,Unknown / not relied upon,Removed from active deployment; retained only in the user-supplied original ZIP,2026-08-18
Product_picture/Home Comforts/De-humidifiers/Meaco MeacoDry Arete Two 20L Dehumidifier & Air Purifier.webp,legacy local image,No,Supplied project file,Not documented in supplied project,Unknown / not relied upon,Removed from active deployment; retained only in the user-supplied original ZIP,2026-08-18
Product_picture/Home Comforts/De-humidifiers/electriQ 12L Low Energy Laundry Quiet Dehumidifier.jpg,legacy local image,No,Supplied project file,Not documented in supplied project,Unknown / not relied upon,Removed from active deployment; retained only in the user-supplied original ZIP,2026-08-18
Product_picture/Home Comforts/Heaters/daewoo-convector-heater-2000w.jpg,legacy local image,No,Supplied project file,Not documented in supplied project,Unknown / not relied upon,Removed from active deployment; retained only in the user-supplied original ZIP,2026-08-18
Product_picture/Home Comforts/Heaters/delonghi-dragon-4-oil-filled-radiator.jpg,legacy local image,No,Supplied project file,Not documented in supplied project,Unknown / not relied upon,Removed from active deployment; retained only in the user-supplied original ZIP,2026-08-18
Product_picture/Home Comforts/Heaters/dimplex-panel-heater-modern.jpg,legacy local image,No,Supplied project file,Not documented in supplied project,Unknown / not relied upon,Removed from active deployment; retained only in the user-supplied original ZIP,2026-08-18
Product_picture/Home Comforts/desk_fans/honeywell-turboforce-desk-fan.jpg,legacy local image,No,Supplied project file,Not documented in supplied project,Unknown / not relied upon,Removed from active deployment; retained only in the user-supplied original ZIP,2026-08-18
Product_picture/Home Comforts/desk_fans/meacofan-1056-air-circulator.jpg,legacy local image,No,Supplied project file,Not documented in supplied project,Unknown / not relied upon,Removed from active deployment; retained only in the user-supplied original ZIP,2026-08-18
Product_picture/Home Comforts/desk_fans/probreeze-mini-desk-fan.jpg,legacy local image,No,Supplied project file,Not documented in supplied project,Unknown / not relied upon,Removed from active deployment; retained only in the user-supplied original ZIP,2026-08-18
Product_picture/Kitchen/Air_fryers/cosori-air-fryer.jpg.webp,legacy local image,No,Supplied project file,Not documented in supplied project,Unknown / not relied upon,Removed from active deployment; retained only in the user-supplied original ZIP,2026-08-18
Product_picture/Kitchen/Air_fryers/ninja-dual-zone-air-fryer.jpg,legacy local image,No,Supplied project file,Not documented in supplied project,Unknown / not relied upon,Removed from active deployment; retained only in the user-supplied original ZIP,2026-08-18
Product_picture/Kitchen/Air_fryers/tower-air-fryer.jpg,legacy local image,No,Supplied project file,Not documented in supplied project,Unknown / not relied upon,Removed from active deployment; retained only in the user-supplied original ZIP,2026-08-18
Product_picture/Kitchen/Blenders/ninja-jug-blender-kitchen.jpg,legacy local image,No,Supplied project file,Not documented in supplied project,Unknown / not relied upon,Removed from active deployment; retained only in the user-supplied original ZIP,2026-08-18
Product_picture/Kitchen/Blenders/premium-jug-blender-kitchenaid.jpg,legacy local image,No,Supplied project file,Not documented in supplied project,Unknown / not relied upon,Removed from active deployment; retained only in the user-supplied original ZIP,2026-08-18
Product_picture/Kitchen/Blenders/tefal-jug-blender-budget.jpg,legacy local image,No,Supplied project file,Not documented in supplied project,Unknown / not relied upon,Removed from active deployment; retained only in the user-supplied original ZIP,2026-08-18
Product_picture/Kitchen/Coffee_Machines/dolce-gusto-piccolo-xs-delonghi.jpg,legacy local image,No,Supplied project file,Not documented in supplied project,Unknown / not relied upon,Removed from active deployment; retained only in the user-supplied original ZIP,2026-08-18
Product_picture/Kitchen/Coffee_Machines/nespresso-pixie-krups-coffee-machine.jpg,legacy local image,No,Supplied project file,Not documented in supplied project,Unknown / not relied upon,Removed from active deployment; retained only in the user-supplied original ZIP,2026-08-18
Product_picture/Kitchen/Coffee_Machines/nespresso-vertuo-pop-coffee-machine.jpg,legacy local image,No,Supplied project file,Not documented in supplied project,Unknown / not relied upon,Removed from active deployment; retained only in the user-supplied original ZIP,2026-08-18
Product_picture/Outdoor Living/Garden_tools/Fiskars_Garden_Fork.jpg,legacy local image,No,Supplied project file,Not documented in supplied project,Unknown / not relied upon,Removed from active deployment; retained only in the user-supplied original ZIP,2026-08-18
Product_picture/Outdoor Living/Garden_tools/Kent_&_Stowe_Garden_Life_Hand_Trowel.png,legacy local image,No,Supplied project file,Not documented in supplied project,Unknown / not relied upon,Removed from active deployment; retained only in the user-supplied original ZIP,2026-08-18
Product_picture/Outdoor Living/Garden_tools/Spear_&_Jackson_Razorsharp_Bypass_Secateurs.jpg,legacy local image,No,Supplied project file,Not documented in supplied project,Unknown / not relied upon,Removed from active deployment; retained only in the user-supplied original ZIP,2026-08-18
Product_picture/Outdoor Living/Patio_heaters/Electric_patio_heaters.jpg,legacy local image,No,Supplied project file,Not documented in supplied project,Unknown / not relied upon,Removed from active deployment; retained only in the user-supplied original ZIP,2026-08-18
Product_picture/Outdoor Living/Patio_heaters/Inferred_patio_heaters.jpg,legacy local image,No,Supplied project file,Not documented in supplied project,Unknown / not relied upon,Removed from active deployment; retained only in the user-supplied original ZIP,2026-08-18
Product_picture/Outdoor Living/Patio_heaters/Pyramid_patio_heaters.jpg,legacy local image,No,Supplied project file,Not documented in supplied project,Unknown / not relied upon,Removed from active deployment; retained only in the user-supplied original ZIP,2026-08-18
Product_picture/Outdoor Living/outdoor_lights/Solar_lights.jpg,legacy local image,No,Supplied project file,Not documented in supplied project,Unknown / not relied upon,Removed from active deployment; retained only in the user-supplied original ZIP,2026-08-18
Product_picture/Outdoor Living/outdoor_lights/String_lights.jpg,legacy local image,No,Supplied project file,Not documented in supplied project,Unknown / not relied upon,Removed from active deployment; retained only in the user-supplied original ZIP,2026-08-18
Product_picture/Outdoor Living/outdoor_lights/outdoor wall lights.jpg,legacy local image,No,Supplied project file,Not documented in supplied project,Unknown / not relied upon,Removed from active deployment; retained only in the user-supplied original ZIP,2026-08-18
Product_picture/Product_picture/Bathroom/Bathroom_scales/Etekcity_digital_body_weight_scale.webp,legacy local image,No,Supplied project file,Not documented in supplied project,Unknown / not relied upon,Removed from active deployment; retained only in the user-supplied original ZIP,2026-08-18
Product_picture/Product_picture/Bathroom/Bathroom_scales/Smart-Scale-P2.webp,legacy local image,No,Supplied project file,Not documented in supplied project,Unknown / not relied upon,Removed from active deployment; retained only in the user-supplied original ZIP,2026-08-18
Product_picture/Product_picture/Bathroom/Bathroom_scales/Withings_body-smart-black-kg.webp,legacy local image,No,Supplied project file,Not documented in supplied project,Unknown / not relied upon,Removed from active deployment; retained only in the user-supplied original ZIP,2026-08-18
Product_picture/Product_picture/Bathroom/Shower_heads/Cobbe Hard Water Filter Shower Head and Hose.webp,legacy local image,No,Supplied project file,Not documented in supplied project,Unknown / not relied upon,Removed from active deployment; retained only in the user-supplied original ZIP,2026-08-18
Product_picture/Product_picture/Bathroom/Shower_heads/Methven Aurajet AIO Shower Handset.jpg,legacy local image,No,Supplied project file,Not documented in supplied project,Unknown / not relied upon,Removed from active deployment; retained only in the user-supplied original ZIP,2026-08-18
Product_picture/Product_picture/Bathroom/Shower_heads/Pulsify Select S Hand shower.png,legacy local image,No,Supplied project file,Not documented in supplied project,Unknown / not relied upon,Removed from active deployment; retained only in the user-supplied original ZIP,2026-08-18
Product_picture/Product_picture/Bathroom/Toothbrushes/Oral B Pro 1 Electric Toothbrush.png,legacy local image,No,Supplied project file,Not documented in supplied project,Unknown / not relied upon,Removed from active deployment; retained only in the user-supplied original ZIP,2026-08-18
Product_picture/Product_picture/Bathroom/Toothbrushes/Oral-B Vitality Pro Electric Toothbrush.webp,legacy local image,No,Supplied project file,Not documented in supplied project,Unknown / not relied upon,Removed from active deployment; retained only in the user-supplied original ZIP,2026-08-18
Product_picture/Product_picture/Bathroom/Toothbrushes/Oral-B iO 3 Black Electric Toothbrush.avif,legacy local image,No,Supplied project file,Not documented in supplied project,Unknown / not relied upon,Removed from active deployment; retained only in the user-supplied original ZIP,2026-08-18
Product_picture/Product_picture/Home Comforts/De-humidifiers/DeLonghi Tasciugo AriaDry Multi Dehumidifier.avif,legacy local image,No,Supplied project file,Not documented in supplied project,Unknown / not relied upon,Removed from active deployment; retained only in the user-supplied original ZIP,2026-08-18
Product_picture/Product_picture/Home Comforts/De-humidifiers/Meaco MeacoDry Arete Two 20L Dehumidifier & Air Purifier.webp,legacy local image,No,Supplied project file,Not documented in supplied project,Unknown / not relied upon,Removed from active deployment; retained only in the user-supplied original ZIP,2026-08-18
Product_picture/Product_picture/Home Comforts/De-humidifiers/electriQ 12L Low Energy Laundry Quiet Dehumidifier.jpg,legacy local image,No,Supplied project file,Not documented in supplied project,Unknown / not relied upon,Removed from active deployment; retained only in the user-supplied original ZIP,2026-08-18
Product_picture/Product_picture/Home Comforts/Heaters/daewoo-convector-heater-2000w.jpg,legacy local image,No,Supplied project file,Not documented in supplied project,Unknown / not relied upon,Removed from active deployment; retained only in the user-supplied original ZIP,2026-08-18
Product_picture/Product_picture/Home Comforts/Heaters/delonghi-dragon-4-oil-filled-radiator.jpg,legacy local image,No,Supplied project file,Not documented in supplied project,Unknown / not relied upon,Removed from active deployment; retained only in the user-supplied original ZIP,2026-08-18
Product_picture/Product_picture/Home Comforts/Heaters/dimplex-panel-heater-modern.jpg,legacy local image,No,Supplied project file,Not documented in supplied project,Unknown / not relied upon,Removed from active deployment; retained only in the user-supplied original ZIP,2026-08-18
Product_picture/Product_picture/Home Comforts/desk_fans/honeywell-turboforce-desk-fan.jpg,legacy local image,No,Supplied project file,Not documented in supplied project,Unknown / not relied upon,Removed from active deployment; retained only in the user-supplied original ZIP,2026-08-18
Product_picture/Product_picture/Home Comforts/desk_fans/meacofan-1056-air-circulator.jpg,legacy local image,No,Supplied project file,Not documented in supplied project,Unknown / not relied upon,Removed from active deployment; retained only in the user-supplied original ZIP,2026-08-18
Product_picture/Product_picture/Home Comforts/desk_fans/probreeze-mini-desk-fan.jpg,legacy local image,No,Supplied project file,Not documented in supplied project,Unknown / not relied upon,Removed from active deployment; retained only in the user-supplied original ZIP,2026-08-18
Product_picture/Product_picture/Kitchen/Air_fryers/cosori-air-fryer.jpg.webp,legacy local image,No,Supplied project file,Not documented in supplied project,Unknown / not relied upon,Removed from active deployment; retained only in the user-supplied original ZIP,2026-08-18
Product_picture/Product_picture/Kitchen/Air_fryers/ninja-dual-zone-air-fryer.jpg,legacy local image,No,Supplied project file,Not documented in supplied project,Unknown / not relied upon,Removed from active deployment; retained only in the user-supplied original ZIP,2026-08-18
Product_picture/Product_picture/Kitchen/Air_fryers/tower-air-fryer.jpg,legacy local image,No,Supplied project file,Not documented in supplied project,Unknown / not relied upon,Removed from active deployment; retained only in the user-supplied original ZIP,2026-08-18
Product_picture/Product_picture/Kitchen/Blenders/ninja-jug-blender-kitchen.jpg,legacy local image,No,Supplied project file,Not documented in supplied project,Unknown / not relied upon,Removed from active deployment; retained only in the user-supplied original ZIP,2026-08-18
Product_picture/Product_picture/Kitchen/Blenders/premium-jug-blender-kitchenaid.jpg,legacy local image,No,Supplied project file,Not documented in supplied project,Unknown / not relied upon,Removed from active deployment; retained only in the user-supplied original ZIP,2026-08-18
Product_picture/Product_picture/Kitchen/Blenders/tefal-jug-blender-budget.jpg,legacy local image,No,Supplied project file,Not documented in supplied project,Unknown / not relied upon,Removed from active deployment; retained only in the user-supplied original ZIP,2026-08-18
Product_picture/Product_picture/Kitchen/Coffee_Machines/dolce-gusto-piccolo-xs-delonghi.jpg,legacy local image,No,Supplied project file,Not documented in supplied project,Unknown / not relied upon,Removed from active deployment; retained only in the user-supplied original ZIP,2026-08-18
Product_picture/Product_picture/Kitchen/Coffee_Machines/nespresso-pixie-krups-coffee-machine.jpg,legacy local image,No,Supplied project file,Not documented in supplied project,Unknown / not relied upon,Removed from active deployment; retained only in the user-supplied original ZIP,2026-08-18
Product_picture/Product_picture/Kitchen/Coffee_Machines/nespresso-vertuo-pop-coffee-machine.jpg,legacy local image,No,Supplied project file,Not documented in supplied project,Unknown / not relied upon,Removed from active deployment; retained only in the user-supplied original ZIP,2026-08-18
Product_picture/Product_picture/Outdoor Living/Garden_tools/Fiskars_Garden_Fork.jpg,legacy local image,No,Supplied project file,Not documented in supplied project,Unknown / not relied upon,Removed from active deployment; retained only in the user-supplied original ZIP,2026-08-18
Product_picture/Product_picture/Outdoor Living/Garden_tools/Kent_&_Stowe_Garden_Life_Hand_Trowel.png,legacy local image,No,Supplied project file,Not documented in supplied project,Unknown / not relied upon,Removed from active deployment; retained only in the user-supplied original ZIP,2026-08-18
Product_picture/Product_picture/Outdoor Living/Garden_tools/Spear_&_Jackson_Razorsharp_Bypass_Secateurs.jpg,legacy local image,No,Supplied project file,Not documented in supplied project,Unknown / not relied upon,Removed from active deployment; retained only in the user-supplied original ZIP,2026-08-18
Product_picture/Product_picture/Outdoor Living/Patio_heaters/Electric_patio_heaters.jpg,legacy local image,No,Supplied project file,Not documented in supplied project,Unknown / not relied upon,Removed from active deployment; retained only in the user-supplied original ZIP,2026-08-18
Product_picture/Product_picture/Outdoor Living/Patio_heaters/Inferred_patio_heaters.jpg,legacy local image,No,Supplied project file,Not documented in supplied project,Unknown / not relied upon,Removed from active deployment; retained only in the user-supplied original ZIP,2026-08-18
Product_picture/Product_picture/Outdoor Living/Patio_heaters/Pyramid_patio_heaters.jpg,legacy local image,No,Supplied project file,Not documented in supplied project,Unknown / not relied upon,Removed from active deployment; retained only in the user-supplied original ZIP,2026-08-18
Product_picture/Product_picture/Outdoor Living/outdoor_lights/Solar_lights.jpg,legacy local image,No,Supplied project file,Not documented in supplied project,Unknown / not relied upon,Removed from active deployment; retained only in the user-supplied original ZIP,2026-08-18
Product_picture/Product_picture/Outdoor Living/outdoor_lights/String_lights.jpg,legacy local image,No,Supplied project file,Not documented in supplied project,Unknown / not relied upon,Removed from active deployment; retained only in the user-supplied original ZIP,2026-08-18
Product_picture/Product_picture/Outdoor Living/outdoor_lights/outdoor wall lights.jpg,legacy local image,No,Supplied project file,Not documented in supplied project,Unknown / not relied upon,Removed from active deployment; retained only in the user-supplied original ZIP,2026-08-18
Product_picture/Product_picture/Stillness & Clarity/Meditation_blankets/Organic_Cotton_Yoga_Blanket.webp,legacy local image,No,Supplied project file,Not documented in supplied project,Unknown / not relied upon,Removed from active deployment; retained only in the user-supplied original ZIP,2026-08-18
Product_picture/Product_picture/Stillness & Clarity/Meditation_blankets/fleece-throw-blanket.webp,legacy local image,No,Supplied project file,Not documented in supplied project,Unknown / not relied upon,Removed from active deployment; retained only in the user-supplied original ZIP,2026-08-18
Product_picture/Product_picture/Stillness & Clarity/Meditation_blankets/oversized-premium-throw-blanket.webp,legacy local image,No,Supplied project file,Not documented in supplied project,Unknown / not relied upon,Removed from active deployment; retained only in the user-supplied original ZIP,2026-08-18
Product_picture/Product_picture/Stillness & Clarity/Meditation_cushions/Florensi_Meditation_Cushion.webp,legacy local image,No,Supplied project file,Not documented in supplied project,Unknown / not relied upon,Removed from active deployment; retained only in the user-supplied original ZIP,2026-08-18
Product_picture/Product_picture/Stillness & Clarity/Meditation_cushions/hihealer-buckwheat-meditation-cushion.webp,legacy local image,No,Supplied project file,Not documented in supplied project,Unknown / not relied upon,Removed from active deployment; retained only in the user-supplied original ZIP,2026-08-18
Product_picture/Product_picture/Stillness & Clarity/Meditation_cushions/leewadee-kapok-meditation-cushion.webp,legacy local image,No,Supplied project file,Not documented in supplied project,Unknown / not relied upon,Removed from active deployment; retained only in the user-supplied original ZIP,2026-08-18
Product_picture/Product_picture/Stillness & Clarity/Singing_bowls/beginner-sound-healing-bowl.jpg,legacy local image,No,Supplied project file,Not documented in supplied project,Unknown / not relied upon,Removed from active deployment; retained only in the user-supplied original ZIP,2026-08-18
Product_picture/Product_picture/Stillness & Clarity/Singing_bowls/deep-tone-singing-bowl-large.jpg,legacy local image,No,Supplied project file,Not documented in supplied project,Unknown / not relied upon,Removed from active deployment; retained only in the user-supplied original ZIP,2026-08-18
Product_picture/Product_picture/Stillness & Clarity/Singing_bowls/medium-sound-healing-bowl.jpg,legacy local image,No,Supplied project file,Not documented in supplied project,Unknown / not relied upon,Removed from active deployment; retained only in the user-supplied original ZIP,2026-08-18
Product_picture/Product_picture/Stillness & Clarity/Yoga_mats/core-balance-tpe-yoga-mat.jpg,legacy local image,No,Supplied project file,Not documented in supplied project,Unknown / not relied upon,Removed from active deployment; retained only in the user-supplied original ZIP,2026-08-18
Product_picture/Product_picture/Stillness & Clarity/Yoga_mats/non-slip-yoga-mat-simple.jpg,legacy local image,No,Supplied project file,Not documented in supplied project,Unknown / not relied upon,Removed from active deployment; retained only in the user-supplied original ZIP,2026-08-18
Product_picture/Product_picture/Stillness & Clarity/Yoga_mats/premium-yoga-mat-patterned.jpg,legacy local image,No,Supplied project file,Not documented in supplied project,Unknown / not relied upon,Removed from active deployment; retained only in the user-supplied original ZIP,2026-08-18
Product_picture/Product_picture/Technology/Bluetooth_speakers/anker-soundcore-portable-speaker.jpg,legacy local image,No,Supplied project file,Not documented in supplied project,Unknown / not relied upon,Removed from active deployment; retained only in the user-supplied original ZIP,2026-08-18
Product_picture/Product_picture/Technology/Bluetooth_speakers/budget-mini-portable-speaker.jpg,legacy local image,No,Supplied project file,Not documented in supplied project,Unknown / not relied upon,Removed from active deployment; retained only in the user-supplied original ZIP,2026-08-18
Product_picture/Product_picture/Technology/Bluetooth_speakers/powerful-portable-speaker-30w.jpg,legacy local image,No,Supplied project file,Not documented in supplied project,Unknown / not relied upon,Removed from active deployment; retained only in the user-supplied original ZIP,2026-08-18
Product_picture/Product_picture/Technology/Desk_lamps/bienser-led-desk-lamp-clamp.jpg,legacy local image,No,Supplied project file,Not documented in supplied project,Unknown / not relied upon,Removed from active deployment; retained only in the user-supplied original ZIP,2026-08-18
Product_picture/Product_picture/Technology/Desk_lamps/skyleo-led-desk-lamp-clamp.jpg,legacy local image,No,Supplied project file,Not documented in supplied project,Unknown / not relied upon,Removed from active deployment; retained only in the user-supplied original ZIP,2026-08-18
Product_picture/Product_picture/Technology/Desk_lamps/woputne-desk-lamp-clamp.jpg,legacy local image,No,Supplied project file,Not documented in supplied project,Unknown / not relied upon,Removed from active deployment; retained only in the user-supplied original ZIP,2026-08-18
Product_picture/Product_picture/Technology/Power_banks/anker-zolo-power-bank-20000mah-30w.jpg,legacy local image,No,Supplied project file,Not documented in supplied project,Unknown / not relied upon,Removed from active deployment; retained only in the user-supplied original ZIP,2026-08-18
Product_picture/Product_picture/Technology/Power_banks/belkin-10k-power-bank-simple.jpg,legacy local image,No,Supplied project file,Not documented in supplied project,Unknown / not relied upon,Removed from active deployment; retained only in the user-supplied original ZIP,2026-08-18
Product_picture/Product_picture/Technology/Power_banks/iniu-slim-power-bank-portable.jpg,legacy local image,No,Supplied project file,Not documented in supplied project,Unknown / not relied upon,Removed from active deployment; retained only in the user-supplied original ZIP,2026-08-18
Product_picture/Product_picture/Technology/Wireless_Earbuds/echo-buds-latest-gen-smart-earbuds.jpg,legacy local image,No,Supplied project file,Not documented in supplied project,Unknown / not relied upon,Removed from active deployment; retained only in the user-supplied original ZIP,2026-08-18
Product_picture/Product_picture/Technology/Wireless_Earbuds/soundcore-p20i-earbuds-best-overall.jpg,legacy local image,No,Supplied project file,Not documented in supplied project,Unknown / not relied upon,Removed from active deployment; retained only in the user-supplied original ZIP,2026-08-18
Product_picture/Product_picture/Technology/Wireless_Earbuds/tozo-t10-earbuds-best-value.jpg,legacy local image,No,Supplied project file,Not documented in supplied project,Unknown / not relied upon,Removed from active deployment; retained only in the user-supplied original ZIP,2026-08-18
Product_picture/Stillness & Clarity/Meditation_blankets/Organic_Cotton_Yoga_Blanket.webp,legacy local image,No,Supplied project file,Not documented in supplied project,Unknown / not relied upon,Removed from active deployment; retained only in the user-supplied original ZIP,2026-08-18
Product_picture/Stillness & Clarity/Meditation_blankets/fleece-throw-blanket.webp,legacy local image,No,Supplied project file,Not documented in supplied project,Unknown / not relied upon,Removed from active deployment; retained only in the user-supplied original ZIP,2026-08-18
Product_picture/Stillness & Clarity/Meditation_blankets/oversized-premium-throw-blanket.webp,legacy local image,No,Supplied project file,Not documented in supplied project,Unknown / not relied upon,Removed from active deployment; retained only in the user-supplied original ZIP,2026-08-18
Product_picture/Stillness & Clarity/Meditation_cushions/Florensi_Meditation_Cushion.webp,legacy local image,No,Supplied project file,Not documented in supplied project,Unknown / not relied upon,Removed from active deployment; retained only in the user-supplied original ZIP,2026-08-18
Product_picture/Stillness & Clarity/Meditation_cushions/hihealer-buckwheat-meditation-cushion.webp,legacy local image,No,Supplied project file,Not documented in supplied project,Unknown / not relied upon,Removed from active deployment; retained only in the user-supplied original ZIP,2026-08-18
Product_picture/Stillness & Clarity/Meditation_cushions/leewadee-kapok-meditation-cushion.webp,legacy local image,No,Supplied project file,Not documented in supplied project,Unknown / not relied upon,Removed from active deployment; retained only in the user-supplied original ZIP,2026-08-18
Product_picture/Stillness & Clarity/Singing_bowls/beginner-sound-healing-bowl.jpg,legacy local image,No,Supplied project file,Not documented in supplied project,Unknown / not relied upon,Removed from active deployment; retained only in the user-supplied original ZIP,2026-08-18
Product_picture/Stillness & Clarity/Singing_bowls/deep-tone-singing-bowl-large.jpg,legacy local image,No,Supplied project file,Not documented in supplied project,Unknown / not relied upon,Removed from active deployment; retained only in the user-supplied original ZIP,2026-08-18
Product_picture/Stillness & Clarity/Singing_bowls/medium-sound-healing-bowl.jpg,legacy local image,No,Supplied project file,Not documented in supplied project,Unknown / not relied upon,Removed from active deployment; retained only in the user-supplied original ZIP,2026-08-18
Product_picture/Stillness & Clarity/Yoga_mats/core-balance-tpe-yoga-mat.jpg,legacy local image,No,Supplied project file,Not documented in supplied project,Unknown / not relied upon,Removed from active deployment; retained only in the user-supplied original ZIP,2026-08-18
Product_picture/Stillness & Clarity/Yoga_mats/non-slip-yoga-mat-simple.jpg,legacy local image,No,Supplied project file,Not documented in supplied project,Unknown / not relied upon,Removed from active deployment; retained only in the user-supplied original ZIP,2026-08-18
Product_picture/Stillness & Clarity/Yoga_mats/premium-yoga-mat-patterned.jpg,legacy local image,No,Supplied project file,Not documented in supplied project,Unknown / not relied upon,Removed from active deployment; retained only in the user-supplied original ZIP,2026-08-18
Product_picture/Technology/Bluetooth_speakers/anker-soundcore-portable-speaker.jpg,legacy local image,No,Supplied project file,Not documented in supplied project,Unknown / not relied upon,Removed from active deployment; retained only in the user-supplied original ZIP,2026-08-18
Product_picture/Technology/Bluetooth_speakers/budget-mini-portable-speaker.jpg,legacy local image,No,Supplied project file,Not documented in supplied project,Unknown / not relied upon,Removed from active deployment; retained only in the user-supplied original ZIP,2026-08-18
Product_picture/Technology/Bluetooth_speakers/powerful-portable-speaker-30w.jpg,legacy local image,No,Supplied project file,Not documented in supplied project,Unknown / not relied upon,Removed from active deployment; retained only in the user-supplied original ZIP,2026-08-18
Product_picture/Technology/Desk_lamps/bienser-led-desk-lamp-clamp.jpg,legacy local image,No,Supplied project file,Not documented in supplied project,Unknown / not relied upon,Removed from active deployment; retained only in the user-supplied original ZIP,2026-08-18
Product_picture/Technology/Desk_lamps/skyleo-led-desk-lamp-clamp.jpg,legacy local image,No,Supplied project file,Not documented in supplied project,Unknown / not relied upon,Removed from active deployment; retained only in the user-supplied original ZIP,2026-08-18
Product_picture/Technology/Desk_lamps/woputne-desk-lamp-clamp.jpg,legacy local image,No,Supplied project file,Not documented in supplied project,Unknown / not relied upon,Removed from active deployment; retained only in the user-supplied original ZIP,2026-08-18
Product_picture/Technology/Power_banks/anker-zolo-power-bank-20000mah-30w.jpg,legacy local image,No,Supplied project file,Not documented in supplied project,Unknown / not relied upon,Removed from active deployment; retained only in the user-supplied original ZIP,2026-08-18
Product_picture/Technology/Power_banks/belkin-10k-power-bank-simple.jpg,legacy local image,No,Supplied project file,Not documented in supplied project,Unknown / not relied upon,Removed from active deployment; retained only in the user-supplied original ZIP,2026-08-18
Product_picture/Technology/Power_banks/iniu-slim-power-bank-portable.jpg,legacy local image,No,Supplied project file,Not documented in supplied project,Unknown / not relied upon,Removed from active deployment; retained only in the user-supplied original ZIP,2026-08-18
Product_picture/Technology/Wireless_Earbuds/echo-buds-latest-gen-smart-earbuds.jpg,legacy local image,No,Supplied project file,Not documented in supplied project,Unknown / not relied upon,Removed from active deployment; retained only in the user-supplied original ZIP,2026-08-18
Product_picture/Technology/Wireless_Earbuds/soundcore-p20i-earbuds-best-overall.jpg,legacy local image,No,Supplied project file,Not documented in supplied project,Unknown / not relied upon,Removed from active deployment; retained only in the user-supplied original ZIP,2026-08-18
Product_picture/Technology/Wireless_Earbuds/tozo-t10-earbuds-best-value.jpg,legacy local image,No,Supplied project file,Not documented in supplied project,Unknown / not relied upon,Removed from active deployment; retained only in the user-supplied original ZIP,2026-08-18
images/Air_Fryers.jpg,legacy local image,No,Supplied project file,Not documented in supplied project,Unknown / not relied upon,Removed from active deployment; retained only in the user-supplied original ZIP,2026-08-18
images/Bathroom.jpg,legacy local image,No,Supplied project file,Not documented in supplied project,Unknown / not relied upon,Removed from active deployment; retained only in the user-supplied original ZIP,2026-08-18
images/Blankets.jpg,legacy local image,No,Supplied project file,Not documented in supplied project,Unknown / not relied upon,Removed from active deployment; retained only in the user-supplied original ZIP,2026-08-18
images/Blenders.jpg,legacy local image,No,Supplied project file,Not documented in supplied project,Unknown / not relied upon,Removed from active deployment; retained only in the user-supplied original ZIP,2026-08-18
images/Cushions.jpg,legacy local image,No,Supplied project file,Not documented in supplied project,Unknown / not relied upon,Removed from active deployment; retained only in the user-supplied original ZIP,2026-08-18
images/Dehumidifiers.jpg,legacy local image,No,Supplied project file,Not documented in supplied project,Unknown / not relied upon,Removed from active deployment; retained only in the user-supplied original ZIP,2026-08-18
images/Desk_lamps.jpg,legacy local image,No,Supplied project file,Not documented in supplied project,Unknown / not relied upon,Removed from active deployment; retained only in the user-supplied original ZIP,2026-08-18
images/Dhamma_wheel.png,legacy local image,No,Supplied project file,Not documented in supplied project,Unknown / not relied upon,Removed from active deployment; retained only in the user-supplied original ZIP,2026-08-18
images/Fans.jpg,legacy local image,No,Supplied project file,Not documented in supplied project,Unknown / not relied upon,Removed from active deployment; retained only in the user-supplied original ZIP,2026-08-18
images/Heaters.jpg,legacy local image,No,Supplied project file,Not documented in supplied project,Unknown / not relied upon,Removed from active deployment; retained only in the user-supplied original ZIP,2026-08-18
images/Kitchen.jpg,legacy local image,No,Supplied project file,Not documented in supplied project,Unknown / not relied upon,Removed from active deployment; retained only in the user-supplied original ZIP,2026-08-18
images/Living_room.jpg,legacy local image,No,Supplied project file,Not documented in supplied project,Unknown / not relied upon,Removed from active deployment; retained only in the user-supplied original ZIP,2026-08-18
images/Meditation.jpg,legacy local image,No,Supplied project file,Not documented in supplied project,Unknown / not relied upon,Removed from active deployment; retained only in the user-supplied original ZIP,2026-08-18
images/Outdoor_Heaters.jpg,legacy local image,No,Supplied project file,Not documented in supplied project,Unknown / not relied upon,Removed from active deployment; retained only in the user-supplied original ZIP,2026-08-18
images/Outdoor_lights.jpg,legacy local image,No,Supplied project file,Not documented in supplied project,Unknown / not relied upon,Removed from active deployment; retained only in the user-supplied original ZIP,2026-08-18
images/Outdoor_living.jpg,legacy local image,No,Supplied project file,Not documented in supplied project,Unknown / not relied upon,Removed from active deployment; retained only in the user-supplied original ZIP,2026-08-18
images/Power_banks.jpg,legacy local image,No,Supplied project file,Not documented in supplied project,Unknown / not relied upon,Removed from active deployment; retained only in the user-supplied original ZIP,2026-08-18
images/Scales.jpg,legacy local image,No,Supplied project file,Not documented in supplied project,Unknown / not relied upon,Removed from active deployment; retained only in the user-supplied original ZIP,2026-08-18
images/Singingbowls.jpg,legacy local image,No,Supplied project file,Not documented in supplied project,Unknown / not relied upon,Removed from active deployment; retained only in the user-supplied original ZIP,2026-08-18
images/Speakers_BT.jpg,legacy local image,No,Supplied project file,Not documented in supplied project,Unknown / not relied upon,Removed from active deployment; retained only in the user-supplied original ZIP,2026-08-18
images/Tools_outdoor.jpg,legacy local image,No,Supplied project file,Not documented in supplied project,Unknown / not relied upon,Removed from active deployment; retained only in the user-supplied original ZIP,2026-08-18
images/Toothbrushes.jpg,legacy local image,No,Supplied project file,Not documented in supplied project,Unknown / not relied upon,Removed from active deployment; retained only in the user-supplied original ZIP,2026-08-18
images/Wireless_Earbuds.jpg,legacy local image,No,Supplied project file,Not documented in supplied project,Unknown / not relied upon,Removed from active deployment; retained only in the user-supplied original ZIP,2026-08-18
images/Yogamat.jpg,legacy local image,No,Supplied project file,Not documented in supplied project,Unknown / not relied upon,Removed from active deployment; retained only in the user-supplied original ZIP,2026-08-18
images/chosen-by-real-people.png,legacy local image,No,Supplied project file,Not documented in supplied project,Unknown / not relied upon,Removed from active deployment; retained only in the user-supplied original ZIP,2026-08-18
images/coffee_Machines.jpg,legacy local image,No,Supplied project file,Not documented in supplied project,Unknown / not relied upon,Removed from active deployment; retained only in the user-supplied original ZIP,2026-08-18
images/product-illustrations/air-fryers-1.svg,legacy local image,No,Supplied project file,Not documented in supplied project,Unknown / not relied upon,Removed from active deployment; retained only in the user-supplied original ZIP,2026-08-18
images/product-illustrations/air-fryers-2.svg,legacy local image,No,Supplied project file,Not documented in supplied project,Unknown / not relied upon,Removed from active deployment; retained only in the user-supplied original ZIP,2026-08-18
images/product-illustrations/air-fryers-3.svg,legacy local image,No,Supplied project file,Not documented in supplied project,Unknown / not relied upon,Removed from active deployment; retained only in the user-supplied original ZIP,2026-08-18
images/product-illustrations/bathroom-scales-1.svg,legacy local image,No,Supplied project file,Not documented in supplied project,Unknown / not relied upon,Removed from active deployment; retained only in the user-supplied original ZIP,2026-08-18
images/product-illustrations/bathroom-scales-2.svg,legacy local image,No,Supplied project file,Not documented in supplied project,Unknown / not relied upon,Removed from active deployment; retained only in the user-supplied original ZIP,2026-08-18
images/product-illustrations/bathroom-scales-3.svg,legacy local image,No,Supplied project file,Not documented in supplied project,Unknown / not relied upon,Removed from active deployment; retained only in the user-supplied original ZIP,2026-08-18
images/product-illustrations/blenders-1.svg,legacy local image,No,Supplied project file,Not documented in supplied project,Unknown / not relied upon,Removed from active deployment; retained only in the user-supplied original ZIP,2026-08-18
images/product-illustrations/blenders-2.svg,legacy local image,No,Supplied project file,Not documented in supplied project,Unknown / not relied upon,Removed from active deployment; retained only in the user-supplied original ZIP,2026-08-18
images/product-illustrations/blenders-3.svg,legacy local image,No,Supplied project file,Not documented in supplied project,Unknown / not relied upon,Removed from active deployment; retained only in the user-supplied original ZIP,2026-08-18
images/product-illustrations/bluetooth-speakers-1.svg,legacy local image,No,Supplied project file,Not documented in supplied project,Unknown / not relied upon,Removed from active deployment; retained only in the user-supplied original ZIP,2026-08-18
images/product-illustrations/bluetooth-speakers-2.svg,legacy local image,No,Supplied project file,Not documented in supplied project,Unknown / not relied upon,Removed from active deployment; retained only in the user-supplied original ZIP,2026-08-18
images/product-illustrations/bluetooth-speakers-3.svg,legacy local image,No,Supplied project file,Not documented in supplied project,Unknown / not relied upon,Removed from active deployment; retained only in the user-supplied original ZIP,2026-08-18
images/product-illustrations/coffee-machines-1.svg,legacy local image,No,Supplied project file,Not documented in supplied project,Unknown / not relied upon,Removed from active deployment; retained only in the user-supplied original ZIP,2026-08-18
images/product-illustrations/coffee-machines-2.svg,legacy local image,No,Supplied project file,Not documented in supplied project,Unknown / not relied upon,Removed from active deployment; retained only in the user-supplied original ZIP,2026-08-18
images/product-illustrations/coffee-machines-3.svg,legacy local image,No,Supplied project file,Not documented in supplied project,Unknown / not relied upon,Removed from active deployment; retained only in the user-supplied original ZIP,2026-08-18
images/product-illustrations/dehumidifiers-1.svg,legacy local image,No,Supplied project file,Not documented in supplied project,Unknown / not relied upon,Removed from active deployment; retained only in the user-supplied original ZIP,2026-08-18
images/product-illustrations/dehumidifiers-2.svg,legacy local image,No,Supplied project file,Not documented in supplied project,Unknown / not relied upon,Removed from active deployment; retained only in the user-supplied original ZIP,2026-08-18
images/product-illustrations/dehumidifiers-3.svg,legacy local image,No,Supplied project file,Not documented in supplied project,Unknown / not relied upon,Removed from active deployment; retained only in the user-supplied original ZIP,2026-08-18
images/product-illustrations/desk-lamps-1.svg,legacy local image,No,Supplied project file,Not documented in supplied project,Unknown / not relied upon,Removed from active deployment; retained only in the user-supplied original ZIP,2026-08-18
images/product-illustrations/desk-lamps-2.svg,legacy local image,No,Supplied project file,Not documented in supplied project,Unknown / not relied upon,Removed from active deployment; retained only in the user-supplied original ZIP,2026-08-18
images/product-illustrations/desk-lamps-3.svg,legacy local image,No,Supplied project file,Not documented in supplied project,Unknown / not relied upon,Removed from active deployment; retained only in the user-supplied original ZIP,2026-08-18
images/product-illustrations/electric-toothbrushes-1.svg,legacy local image,No,Supplied project file,Not documented in supplied project,Unknown / not relied upon,Removed from active deployment; retained only in the user-supplied original ZIP,2026-08-18
images/product-illustrations/electric-toothbrushes-2.svg,legacy local image,No,Supplied project file,Not documented in supplied project,Unknown / not relied upon,Removed from active deployment; retained only in the user-supplied original ZIP,2026-08-18
images/product-illustrations/electric-toothbrushes-3.svg,legacy local image,No,Supplied project file,Not documented in supplied project,Unknown / not relied upon,Removed from active deployment; retained only in the user-supplied original ZIP,2026-08-18
images/product-illustrations/fans-1.svg,legacy local image,No,Supplied project file,Not documented in supplied project,Unknown / not relied upon,Removed from active deployment; retained only in the user-supplied original ZIP,2026-08-18
images/product-illustrations/fans-2.svg,legacy local image,No,Supplied project file,Not documented in supplied project,Unknown / not relied upon,Removed from active deployment; retained only in the user-supplied original ZIP,2026-08-18
images/product-illustrations/fans-3.svg,legacy local image,No,Supplied project file,Not documented in supplied project,Unknown / not relied upon,Removed from active deployment; retained only in the user-supplied original ZIP,2026-08-18
images/product-illustrations/garden-tools-1.svg,legacy local image,No,Supplied project file,Not documented in supplied project,Unknown / not relied upon,Removed from active deployment; retained only in the user-supplied original ZIP,2026-08-18
images/product-illustrations/garden-tools-2.svg,legacy local image,No,Supplied project file,Not documented in supplied project,Unknown / not relied upon,Removed from active deployment; retained only in the user-supplied original ZIP,2026-08-18
images/product-illustrations/garden-tools-3.svg,legacy local image,No,Supplied project file,Not documented in supplied project,Unknown / not relied upon,Removed from active deployment; retained only in the user-supplied original ZIP,2026-08-18
images/product-illustrations/heaters-1.svg,legacy local image,No,Supplied project file,Not documented in supplied project,Unknown / not relied upon,Removed from active deployment; retained only in the user-supplied original ZIP,2026-08-18
images/product-illustrations/heaters-2.svg,legacy local image,No,Supplied project file,Not documented in supplied project,Unknown / not relied upon,Removed from active deployment; retained only in the user-supplied original ZIP,2026-08-18
images/product-illustrations/heaters-3.svg,legacy local image,No,Supplied project file,Not documented in supplied project,Unknown / not relied upon,Removed from active deployment; retained only in the user-supplied original ZIP,2026-08-18
images/product-illustrations/meditation-blankets-1.svg,legacy local image,No,Supplied project file,Not documented in supplied project,Unknown / not relied upon,Removed from active deployment; retained only in the user-supplied original ZIP,2026-08-18
images/product-illustrations/meditation-blankets-2.svg,legacy local image,No,Supplied project file,Not documented in supplied project,Unknown / not relied upon,Removed from active deployment; retained only in the user-supplied original ZIP,2026-08-18
images/product-illustrations/meditation-blankets-3.svg,legacy local image,No,Supplied project file,Not documented in supplied project,Unknown / not relied upon,Removed from active deployment; retained only in the user-supplied original ZIP,2026-08-18
images/product-illustrations/meditation-cushions-1.svg,legacy local image,No,Supplied project file,Not documented in supplied project,Unknown / not relied upon,Removed from active deployment; retained only in the user-supplied original ZIP,2026-08-18
images/product-illustrations/meditation-cushions-2.svg,legacy local image,No,Supplied project file,Not documented in supplied project,Unknown / not relied upon,Removed from active deployment; retained only in the user-supplied original ZIP,2026-08-18
images/product-illustrations/meditation-cushions-3.svg,legacy local image,No,Supplied project file,Not documented in supplied project,Unknown / not relied upon,Removed from active deployment; retained only in the user-supplied original ZIP,2026-08-18
images/product-illustrations/outdoor-lights-1.svg,legacy local image,No,Supplied project file,Not documented in supplied project,Unknown / not relied upon,Removed from active deployment; retained only in the user-supplied original ZIP,2026-08-18
images/product-illustrations/outdoor-lights-2.svg,legacy local image,No,Supplied project file,Not documented in supplied project,Unknown / not relied upon,Removed from active deployment; retained only in the user-supplied original ZIP,2026-08-18
images/product-illustrations/outdoor-lights-3.svg,legacy local image,No,Supplied project file,Not documented in supplied project,Unknown / not relied upon,Removed from active deployment; retained only in the user-supplied original ZIP,2026-08-18
images/product-illustrations/patio-heaters-1.svg,legacy local image,No,Supplied project file,Not documented in supplied project,Unknown / not relied upon,Removed from active deployment; retained only in the user-supplied original ZIP,2026-08-18
images/product-illustrations/patio-heaters-2.svg,legacy local image,No,Supplied project file,Not documented in supplied project,Unknown / not relied upon,Removed from active deployment; retained only in the user-supplied original ZIP,2026-08-18
images/product-illustrations/patio-heaters-3.svg,legacy local image,No,Supplied project file,Not documented in supplied project,Unknown / not relied upon,Removed from active deployment; retained only in the user-supplied original ZIP,2026-08-18
images/product-illustrations/power-banks-1.svg,legacy local image,No,Supplied project file,Not documented in supplied project,Unknown / not relied upon,Removed from active deployment; retained only in the user-supplied original ZIP,2026-08-18
images/product-illustrations/power-banks-2.svg,legacy local image,No,Supplied project file,Not documented in supplied project,Unknown / not relied upon,Removed from active deployment; retained only in the user-supplied original ZIP,2026-08-18
images/product-illustrations/power-banks-3.svg,legacy local image,No,Supplied project file,Not documented in supplied project,Unknown / not relied upon,Removed from active deployment; retained only in the user-supplied original ZIP,2026-08-18
images/product-illustrations/shower-heads-1.svg,legacy local image,No,Supplied project file,Not documented in supplied project,Unknown / not relied upon,Removed from active deployment; retained only in the user-supplied original ZIP,2026-08-18
images/product-illustrations/shower-heads-2.svg,legacy local image,No,Supplied project file,Not documented in supplied project,Unknown / not relied upon,Removed from active deployment; retained only in the user-supplied original ZIP,2026-08-18
images/product-illustrations/shower-heads-3.svg,legacy local image,No,Supplied project file,Not documented in supplied project,Unknown / not relied upon,Removed from active deployment; retained only in the user-supplied original ZIP,2026-08-18
images/product-illustrations/singing-bowls-1.svg,legacy local image,No,Supplied project file,Not documented in supplied project,Unknown / not relied upon,Removed from active deployment; retained only in the user-supplied original ZIP,2026-08-18
images/product-illustrations/singing-bowls-2.svg,legacy local image,No,Supplied project file,Not documented in supplied project,Unknown / not relied upon,Removed from active deployment; retained only in the user-supplied original ZIP,2026-08-18
images/product-illustrations/singing-bowls-3.svg,legacy local image,No,Supplied project file,Not documented in supplied project,Unknown / not relied upon,Removed from active deployment; retained only in the user-supplied original ZIP,2026-08-18
images/product-illustrations/wireless-earbuds-1.svg,legacy local image,No,Supplied project file,Not documented in supplied project,Unknown / not relied upon,Removed from active deployment; retained only in the user-supplied original ZIP,2026-08-18
images/product-illustrations/wireless-earbuds-2.svg,legacy local image,No,Supplied project file,Not documented in supplied project,Unknown / not relied upon,Removed from active deployment; retained only in the user-supplied original ZIP,2026-08-18
images/product-illustrations/wireless-earbuds-3.svg,legacy local image,No,Supplied project file,Not documented in supplied project,Unknown / not relied upon,Removed from active deployment; retained only in the user-supplied original ZIP,2026-08-18
images/product-illustrations/yoga-mats-1.svg,legacy local image,No,Supplied project file,Not documented in supplied project,Unknown / not relied upon,Removed from active deployment; retained only in the user-supplied original ZIP,2026-08-18
images/product-illustrations/yoga-mats-2.svg,legacy local image,No,Supplied project file,Not documented in supplied project,Unknown / not relied upon,Removed from active deployment; retained only in the user-supplied original ZIP,2026-08-18
images/product-illustrations/yoga-mats-3.svg,legacy local image,No,Supplied project file,Not documented in supplied project,Unknown / not relied upon,Removed from active deployment; retained only in the user-supplied original ZIP,2026-08-18
images/shower heads.jpg,legacy local image,No,Supplied project file,Not documented in supplied project,Unknown / not relied upon,Removed from active deployment; retained only in the user-supplied original ZIP,2026-08-18
images/tech_Hero.jpg,legacy local image,No,Supplied project file,Not documented in supplied project,Unknown / not relied upon,Removed from active deployment; retained only in the user-supplied original ZIP,2026-08-18
https://images.unsplash.com/photo-1505693416388-ac5ce068fe85?q=80&w=1200&auto=format&fit=crop,legacy remote image reference,No,https://images.unsplash.com/photo-1505693416388-ac5ce068fe85?q=80&w=1200&auto=format&fit=crop,No reusable licence or permission record supplied with project,Unknown / not relied upon,Reference removed; replaced with CSS-only visual treatment,2026-08-18
https://images.unsplash.com/photo-1506744038136-46273834b3fb?q=80&w=1200&auto=format&fit=crop,legacy remote image reference,No,https://images.unsplash.com/photo-1506744038136-46273834b3fb?q=80&w=1200&auto=format&fit=crop,No reusable licence or permission record supplied with project,Unknown / not relied upon,Reference removed; replaced with CSS-only visual treatment,2026-08-18
https://images.unsplash.com/photo-1519389950473-47ba0277781c?q=80&w=1200&auto=format&fit=crop,legacy remote image reference,No,https://images.unsplash.com/photo-1519389950473-47ba0277781c?q=80&w=1200&auto=format&fit=crop,No reusable licence or permission record supplied with project,Unknown / not relied upon,Reference removed; replaced with CSS-only visual treatment,2026-08-18
https://images.unsplash.com/photo-1556911220-e15b29be8c8f?q=80&w=1200&auto=format&fit=crop,legacy remote image reference,No,https://images.unsplash.com/photo-1556911220-e15b29be8c8f?q=80&w=1200&auto=format&fit=crop,No reusable licence or permission record supplied with project,Unknown / not relied upon,Reference removed; replaced with CSS-only visual treatment,2026-08-18
https://images.unsplash.com/photo-1593810450967-f9c42742e326?q=80&w=1200&auto=format&fit=crop,legacy remote image reference,No,https://images.unsplash.com/photo-1593810450967-f9c42742e326?q=80&w=1200&auto=format&fit=crop,No reusable licence or permission record supplied with project,Unknown / not relied upon,Reference removed; replaced with CSS-only visual treatment,2026-08-18
https://images.unsplash.com/photo-1597307509190-e33cb9fb3ff7?q=80&w=1170&auto=format&fit=crop,legacy remote image reference,No,https://images.unsplash.com/photo-1597307509190-e33cb9fb3ff7?q=80&w=1170&auto=format&fit=crop,No reusable licence or permission record supplied with project,Unknown / not relied upon,Reference removed; replaced with CSS-only visual treatment,2026-08-18
https://images.unsplash.com/photo-1606220588913-b3aacb4d2f46?q=80&w=1170&auto=format&fit=crop,legacy remote image reference,No,https://images.unsplash.com/photo-1606220588913-b3aacb4d2f46?q=80&w=1170&auto=format&fit=crop,No reusable licence or permission record supplied with project,Unknown / not relied upon,Reference removed; replaced with CSS-only visual treatment,2026-08-18
https://images.unsplash.com/photo-1615874959474-d609969a20ed?q=80&w=1200&auto=format&fit=crop,legacy remote image reference,No,https://images.unsplash.com/photo-1615874959474-d609969a20ed?q=80&w=1200&auto=format&fit=crop,No reusable licence or permission record supplied with project,Unknown / not relied upon,Reference removed; replaced with CSS-only visual treatment,2026-08-18
https://images.unsplash.com/photo-1637029436347-e33bf98a5412?q=80&w=880&auto=format&fit=crop,legacy remote image reference,No,https://images.unsplash.com/photo-1637029436347-e33bf98a5412?q=80&w=880&auto=format&fit=crop,No reusable licence or permission record supplied with project,Unknown / not relied upon,Reference removed; replaced with CSS-only visual treatment,2026-08-18
https://www.top3choices.co.uk/images/Air_Fryers.jpg,legacy remote image reference,No,https://www.top3choices.co.uk/images/Air_Fryers.jpg,No reusable licence or permission record supplied with project,Unknown / not relied upon,Reference removed; replaced with CSS-only visual treatment,2026-08-18
https://www.top3choices.co.uk/images/Blankets.jpg,legacy remote image reference,No,https://www.top3choices.co.uk/images/Blankets.jpg,No reusable licence or permission record supplied with project,Unknown / not relied upon,Reference removed; replaced with CSS-only visual treatment,2026-08-18
https://www.top3choices.co.uk/images/Blenders.jpg,legacy remote image reference,No,https://www.top3choices.co.uk/images/Blenders.jpg,No reusable licence or permission record supplied with project,Unknown / not relied upon,Reference removed; replaced with CSS-only visual treatment,2026-08-18
https://www.top3choices.co.uk/images/Cushions.jpg,legacy remote image reference,No,https://www.top3choices.co.uk/images/Cushions.jpg,No reusable licence or permission record supplied with project,Unknown / not relied upon,Reference removed; replaced with CSS-only visual treatment,2026-08-18
https://www.top3choices.co.uk/images/Dehumidifiers.jpg,legacy remote image reference,No,https://www.top3choices.co.uk/images/Dehumidifiers.jpg,No reusable licence or permission record supplied with project,Unknown / not relied upon,Reference removed; replaced with CSS-only visual treatment,2026-08-18
https://www.top3choices.co.uk/images/Desk_lamps.jpg,legacy remote image reference,No,https://www.top3choices.co.uk/images/Desk_lamps.jpg,No reusable licence or permission record supplied with project,Unknown / not relied upon,Reference removed; replaced with CSS-only visual treatment,2026-08-18
https://www.top3choices.co.uk/images/Fans.jpg,legacy remote image reference,No,https://www.top3choices.co.uk/images/Fans.jpg,No reusable licence or permission record supplied with project,Unknown / not relied upon,Reference removed; replaced with CSS-only visual treatment,2026-08-18
https://www.top3choices.co.uk/images/Heaters.jpg,legacy remote image reference,No,https://www.top3choices.co.uk/images/Heaters.jpg,No reusable licence or permission record supplied with project,Unknown / not relied upon,Reference removed; replaced with CSS-only visual treatment,2026-08-18
https://www.top3choices.co.uk/images/Outdoor_Heaters.jpg,legacy remote image reference,No,https://www.top3choices.co.uk/images/Outdoor_Heaters.jpg,No reusable licence or permission record supplied with project,Unknown / not relied upon,Reference removed; replaced with CSS-only visual treatment,2026-08-18
https://www.top3choices.co.uk/images/Outdoor_lights.jpg,legacy remote image reference,No,https://www.top3choices.co.uk/images/Outdoor_lights.jpg,No reusable licence or permission record supplied with project,Unknown / not relied upon,Reference removed; replaced with CSS-only visual treatment,2026-08-18
https://www.top3choices.co.uk/images/Power_banks.jpg,legacy remote image reference,No,https://www.top3choices.co.uk/images/Power_banks.jpg,No reusable licence or permission record supplied with project,Unknown / not relied upon,Reference removed; replaced with CSS-only visual treatment,2026-08-18
https://www.top3choices.co.uk/images/Scales.jpg,legacy remote image reference,No,https://www.top3choices.co.uk/images/Scales.jpg,No reusable licence or permission record supplied with project,Unknown / not relied upon,Reference removed; replaced with CSS-only visual treatment,2026-08-18
https://www.top3choices.co.uk/images/Singingbowls.jpg,legacy remote image reference,No,https://www.top3choices.co.uk/images/Singingbowls.jpg,No reusable licence or permission record supplied with project,Unknown / not relied upon,Reference removed; replaced with CSS-only visual treatment,2026-08-18
https://www.top3choices.co.uk/images/Speakers_BT.jpg,legacy remote image reference,No,https://www.top3choices.co.uk/images/Speakers_BT.jpg,No reusable licence or permission record supplied with project,Unknown / not relied upon,Reference removed; replaced with CSS-only visual treatment,2026-08-18
https://www.top3choices.co.uk/images/Tools_outdoor.jpg,legacy remote image reference,No,https://www.top3choices.co.uk/images/Tools_outdoor.jpg,No reusable licence or permission record supplied with project,Unknown / not relied upon,Reference removed; replaced with CSS-only visual treatment,2026-08-18
https://www.top3choices.co.uk/images/Toothbrushes.jpg,legacy remote image reference,No,https://www.top3choices.co.uk/images/Toothbrushes.jpg,No reusable licence or permission record supplied with project,Unknown / not relied upon,Reference removed; replaced with CSS-only visual treatment,2026-08-18
https://www.top3choices.co.uk/images/Wireless_Earbuds.jpg,legacy remote image reference,No,https://www.top3choices.co.uk/images/Wireless_Earbuds.jpg,No reusable licence or permission record supplied with project,Unknown / not relied upon,Reference removed; replaced with CSS-only visual treatment,2026-08-18
https://www.top3choices.co.uk/images/Yogamat.jpg,legacy remote image reference,No,https://www.top3choices.co.uk/images/Yogamat.jpg,No reusable licence or permission record supplied with project,Unknown / not relied upon,Reference removed; replaced with CSS-only visual treatment,2026-08-18
https://www.top3choices.co.uk/images/chosen-by-real-people.png,legacy remote image reference,No,https://www.top3choices.co.uk/images/chosen-by-real-people.png,No reusable licence or permission record supplied with project,Unknown / not relied upon,Reference removed; replaced with CSS-only visual treatment,2026-08-18
https://www.top3choices.co.uk/images/coffee_Machines.jpg,legacy remote image reference,No,https://www.top3choices.co.uk/images/coffee_Machines.jpg,No reusable licence or permission record supplied with project,Unknown / not relied upon,Reference removed; replaced with CSS-only visual treatment,2026-08-18
https://www.top3choices.co.uk/images/shower%20heads.jpg,legacy remote image reference,No,https://www.top3choices.co.uk/images/shower%20heads.jpg,No reusable licence or permission record supplied with project,Unknown / not relied upon,Reference removed; replaced with CSS-only visual treatment,2026-08-18
CSS product number panels,generated CSS visual,Yes,Original site CSS written during refresh,No third-party image asset,None,Used instead of product imagery,2026-08-18
CSS category/hero gradients,generated CSS visual,Yes,Original site CSS written during refresh,No third-party image asset,None,Used instead of legacy/remote photography,2026-08-18
